Classification,Year,Period,Period Desc.,Aggregate Level,Is Leaf Code,Trade Flow Code,Trade Flow,Reporter Code,Reporter,Reporter ISO,Partner Code,Partner,Partner ISO,2nd Partner Code,2nd Partner,2nd Partner ISO,Customs Proc. Code,Customs,Mode of Transport Code,Mode of Transport,Commodity Code,Commodity,Qty Unit Code,Qty Unit,Qty,Alt Qty Unit Code,Alt Qty Unit,Alt Qty,Netweight (kg),Gross weight (kg),Trade Value (US$),CIF Trade Value (US$),FOB Trade Value (US$),Flag
H1,2001,2001,2001,4,0,1,Import,8,Albania,ALB,0,World,WLD,,,,,,,,1001,Wheat and meslin,8,Weight in kilograms,180373174,,,,180373174,,21853563,,,0
H1,2001,2001,2001,4,0,1,Import,12,Algeria,DZA,0,World,WLD,,,,,,,,1001,Wheat and meslin,8,Weight in kilograms,4537999587,,,,4537999587,,723130843,,,0
H1,2001,2001,2001,4,0,1,Import,20,Andorra,AND,0,World,WLD,,,,,,,,1001,Wheat and meslin,8,Weight in kilograms,107330,,,,107330,,17090,,,0
H1,2001,2001,2001,4,0,1,Import,31,Azerbaijan,AZE,0,World,WLD,,,,,,,,1001,Wheat and meslin,8,Weight in kilograms,615140498,,,,615140498,,69410888,,,0
H1,2001,2001,2001,4,0,1,Import,32,Argentina,ARG,0,World,WLD,,,,,,,,1001,Wheat and meslin,8,Weight in kilograms,142366,,,,142366,,73931,,,0
H1,2001,2001,2001,4,0,2,Export,32,Argentina,ARG,0,World,WLD,,,,,,,,1001,Wheat and meslin,8,Weight in kilograms,10789975557,,,,10789975557,,1301503366,,,0
H1,2001,2001,2001,4,0,1,Import,36,Australia,AUS,0,World,WLD,,,,,,,,1001,Wheat and meslin,8,Weight in kilograms,21062,,,,21062,,8798,,,0
H1,2001,2001,2001,4,0,2,Export,36,Australia,AUS,0,World,WLD,,,,,,,,1001,Wheat and meslin,8,Weight in kilograms,23269380300,,,,23269380300,,2236149169,,,6
H1,2001,2001,2001,4,0,4,Re-Import,36,Australia,AUS,0,World,WLD,,,,,,,,1001,Wheat and meslin,8,Weight in kilograms,20988,,,,20988,,7758,,,0
H1,2001,2001,2001,4,0,1,Import,40,Austria,AUT,0,World,WLD,,,,,,,,1001,Wheat and meslin,8,Weight in kilograms,129526138,,,,129526138,,16103663,,,6
H1,2001,2001,2001,4,0,2,Export,40,Austria,AUT,0,World,WLD,,,,,,,,1001,Wheat and meslin,8,Weight in kilograms,510735100,,,,510735100,,79275145,,,0
H1,2001,2001,2001,4,0,1,Import,44,Bahamas,BHS,0,World,WLD,,,,,,,,1001,Wheat and meslin,8,Weight in kilograms,4406,,,,4406,,18931,,,0
H1,2001,2001,2001,4,0,1,Import,51,Armenia,ARM,0,World,WLD,,,,,,,,1001,Wheat and meslin,8,Weight in kilograms,294959958,,,,294959958,,42390716,,,0
H1,2001,2001,2001,4,0,1,Import,52,Barbados,BRB,0,World,WLD,,,,,,,,1001,Wheat and meslin,8,Weight in kilograms,31812878,,,,31812878,,4537093,,,0
H1,2001,2001,2001,4,0,2,Export,52,Barbados,BRB,0,World,WLD,,,,,,,,1001,Wheat and meslin,8,Weight in kilograms,392439,,,,392439,,53900,,,0
H1,2001,2001,2001,4,0,3,Re-Export,52,Barbados,BRB,0,World,WLD,,,,,,,,1001,Wheat and meslin,8,Weight in kilograms,392439,,,,392439,,53900,,,0
H1,2001,2001,2001,4,0,1,Import,56,Belgium,BEL,0,World,WLD,,,,,,,,1001,Wheat and meslin,8,Weight in kilograms,3174766803,,,,3174766803,,378976002,,,0
H1,2001,2001,2001,4,0,2,Export,56,Belgium,BEL,0,World,WLD,,,,,,,,1001,Wheat and meslin,8,Weight in kilograms,487590961,,,,487590961,,61260959,,,0
H1,2001,2001,2001,4,0,1,Import,68,Bolivia (Plurinational State of),BOL,0,World,WLD,,,,,,,,1001,Wheat and meslin,8,Weight in kilograms,238638151,,,,238638151,,36427597,,,0
H1,2001,2001,2001,4,0,2,Export,68,Bolivia (Plurinational State of),BOL,0,World,WLD,,,,,,,,1001,Wheat and meslin,8,Weight in kilograms,24284,,,,24284,,29121,,,0
H1,2001,2001,2001,4,0,1,Import,72,Botswana,BWA,0,World,WLD,,,,,,,,1001,Wheat and meslin,8,Weight in kilograms,2609160,,,,2609160,,2573943,,,0
H1,2001,2001,2001,4,0,2,Export,72,Botswana,BWA,0,World,WLD,,,,,,,,1001,Wheat and meslin,8,Weight in kilograms,66970,,,,66970,,11090,,,0
H1,2001,2001,2001,4,0,1,Import,76,Brazil,BRA,0,World,WLD,,,,,,,,1001,Wheat and meslin,8,Weight in kilograms,6999028119,,,,7011798829,,976933552,,,0
H1,2001,2001,2001,4,0,2,Export,76,Brazil,BRA,0,World,WLD,,,,,,,,1001,Wheat and meslin,8,Weight in kilograms,797582,,,,803473,,151254,,,0
H1,2001,2001,2001,4,0,1,Import,84,Belize,BLZ,0,World,WLD,,,,,,,,1001,Wheat and meslin,8,Weight in kilograms,41937351,,,,41937351,,5333028,,,0
H1,2001,2001,2001,4,0,1,Import,100,Bulgaria,BGR,0,World,WLD,,,,,,,,1001,Wheat and meslin,8,Weight in kilograms,1575778,,,,1575778,,2997196,,,0
H1,2001,2001,2001,4,0,2,Export,100,Bulgaria,BGR,0,World,WLD,,,,,,,,1001,Wheat and meslin,8,Weight in kilograms,36589169,,,,36589169,,37729851,,,0
H1,2001,2001,2001,4,0,1,Import,104,Myanmar,MMR,0,World,WLD,,,,,,,,1001,Wheat and meslin,8,Weight in kilograms,108000,,,,108000,,32940,,,0
H1,2001,2001,2001,4,0,1,Import,112,Belarus,BLR,0,World,WLD,,,,,,,,1001,Wheat and meslin,8,Weight in kilograms,401630439,,,,401630439,,44899700,,,0
H1,2001,2001,2001,4,0,2,Export,112,Belarus,BLR,0,World,WLD,,,,,,,,1001,Wheat and meslin,8,Weight in kilograms,227916,,,,227916,,46800,,,0
H1,2001,2001,2001,4,0,1,Import,116,Cambodia,KHM,0,World,WLD,,,,,,,,1001,Wheat and meslin,8,Weight in kilograms,1210000,,,,1210000,,121373,,,0
H1,2001,2001,2001,4,0,1,Import,120,Cameroon,CMR,0,World,WLD,,,,,,,,1001,Wheat and meslin,8,Weight in kilograms,263096819,,,,263096819,,54728952,,,0
H1,2001,2001,2001,4,0,1,Import,124,Canada,CAN,0,World,WLD,,,,,,,,1001,Wheat and meslin,8,Weight in kilograms,101398,,,,101398,,13418883,,,0
H1,2001,2001,2001,4,0,2,Export,124,Canada,CAN,0,World,WLD,,,,,,,,1001,Wheat and meslin,8,Weight in kilograms,17380651,,,,17380651,,2511048044,,,0
H1,2001,2001,2001,4,0,3,Re-Export,124,Canada,CAN,0,World,WLD,,,,,,,,1001,Wheat and meslin,8,Weight in kilograms,20442,,,,20442,,2825198,,,0
H1,2001,2001,2001,4,0,4,Re-Import,124,Canada,CAN,0,World,WLD,,,,,,,,1001,Wheat and meslin,8,Weight in kilograms,1383,,,,1383,,215407,,,0
H1,2001,2001,2001,4,0,1,Import,132,Cabo Verde,CPV,0,World,WLD,,,,,,,,1001,Wheat and meslin,8,Weight in kilograms,16352000,,,,16352000,,3015039,,,0
H1,2001,2001,2001,4,0,1,Import,144,Sri Lanka,LKA,0,World,WLD,,,,,,,,1001,Wheat and meslin,8,Weight in kilograms,720120620,,,,720120620,,105679360,,,0
H1,2001,2001,2001,4,0,2,Export,144,Sri Lanka,LKA,0,World,WLD,,,,,,,,1001,Wheat and meslin,8,Weight in kilograms,669,,,,669,,2645,,,0
H1,2001,2001,2001,4,0,1,Import,152,Chile,CHL,0,World,WLD,,,,,,,,1001,Wheat and meslin,8,Weight in kilograms,266607040,,,,266607040,,41084741,,,6
H1,2001,2001,2001,4,0,2,Export,152,Chile,CHL,0,World,WLD,,,,,,,,1001,Wheat and meslin,8,Weight in kilograms,109580,,,,109580,,15308,,,6
H1,2001,2001,2001,4,0,1,Import,156,China,CHN,0,World,WLD,,,,,,,,1001,Wheat and meslin,8,Weight in kilograms,690056756,,,,690056756,,121355415,,,6
H1,2001,2001,2001,4,0,2,Export,156,China,CHN,0,World,WLD,,,,,,,,1001,Wheat and meslin,8,Weight in kilograms,454794322,,,,454794322,,46849516,,,0
H1,2001,2001,2001,4,0,1,Import,170,Colombia,COL,0,World,WLD,,,,,,,,1001,Wheat and meslin,8,Weight in kilograms,1245219252,,,,1245219252,,181266222,,,0
H1,2001,2001,2001,4,0,1,Import,175,Mayotte,MYT,0,World,WLD,,,,,,,,1001,Wheat and meslin,8,Weight in kilograms,28187,,,,28187,,17839,,,0
H1,2001,2001,2001,4,0,1,Import,184,Cook Isds,COK,0,World,WLD,,,,,,,,1001,Wheat and meslin,1,No Quantity,,,,,574,,1368,,,0
H1,2001,2001,2001,4,0,1,Import,188,Costa Rica,CRI,0,World,WLD,,,,,,,,1001,Wheat and meslin,8,Weight in kilograms,209112870,,,,209112870,,36649902,,,0
H1,2001,2001,2001,4,0,1,Import,191,Croatia,HRV,0,World,WLD,,,,,,,,1001,Wheat and meslin,8,Weight in kilograms,10529094,,,,10529094,,1206126,,,0
H1,2001,2001,2001,4,0,2,Export,191,Croatia,HRV,0,World,WLD,,,,,,,,1001,Wheat and meslin,8,Weight in kilograms,284147260,,,,284147260,,31770372,,,0
H1,2001,2001,2001,4,0,1,Import,192,Cuba,CUB,0,World,WLD,,,,,,,,1001,Wheat and meslin,8,Weight in kilograms,766646959,,,,766646959,,119155419,,,0
H1,2001,2001,2001,4,0,1,Import,196,Cyprus,CYP,0,World,WLD,,,,,,,,1001,Wheat and meslin,8,Weight in kilograms,73195853,,,,73195853,,11903800,,,6
H1,2001,2001,2001,4,0,2,Export,196,Cyprus,CYP,0,World,WLD,,,,,,,,1001,Wheat and meslin,8,Weight in kilograms,1000,,,,1000,,892,,,0
H1,2001,2001,2001,4,0,1,Import,203,Czechia,CZE,0,World,WLD,,,,,,,,1001,Wheat and meslin,8,Weight in kilograms,1428099,,,,1428099,,307333,,,0
H1,2001,2001,2001,4,0,2,Export,203,Czechia,CZE,0,World,WLD,,,,,,,,1001,Wheat and meslin,8,Weight in kilograms,151167826,,,,151167826,,17958265,,,0
H1,2001,2001,2001,4,0,1,Import,204,Benin,BEN,0,World,WLD,,,,,,,,1001,Wheat and meslin,8,Weight in kilograms,16675143,,,,16675143,,2381703,,,6
H1,2001,2001,2001,4,0,1,Import,208,Denmark,DNK,0,World,WLD,,,,,,,,1001,Wheat and meslin,8,Weight in kilograms,225956042,,,,225956042,,34542194,,,0
H1,2001,2001,2001,4,0,2,Export,208,Denmark,DNK,0,World,WLD,,,,,,,,1001,Wheat and meslin,8,Weight in kilograms,730260046,,,,730260046,,84112864,,,0
H1,2001,2001,2001,4,0,1,Import,214,Dominican Rep.,DOM,0,World,WLD,,,,,,,,1001,Wheat and meslin,1,No Quantity,0,,,,0,,25785000,,,0
H1,2001,2001,2001,4,0,1,Import,218,Ecuador,ECU,0,World,WLD,,,,,,,,1001,Wheat and meslin,8,Weight in kilograms,69053046,,,,69053046,,82049516,,,0
H1,2001,2001,2001,4,0,2,Export,218,Ecuador,ECU,0,World,WLD,,,,,,,,1001,Wheat and meslin,8,Weight in kilograms,5238,,,,5238,,4174,,,0
H1,2001,2001,2001,4,0,1,Import,222,El Salvador,SLV,0,World,WLD,,,,,,,,1001,Wheat and meslin,8,Weight in kilograms,235856432,,,,235856432,,35960033,,,0
H1,2001,2001,2001,4,0,2,Export,222,El Salvador,SLV,0,World,WLD,,,,,,,,1001,Wheat and meslin,8,Weight in kilograms,20177827,,,,20177827,,3515770,,,0
H1,2001,2001,2001,4,0,1,Import,231,Ethiopia,ETH,0,World,WLD,,,,,,,,1001,Wheat and meslin,8,Weight in kilograms,766501319,,,,766501319,,136382900,,,6
H1,2001,2001,2001,4,0,2,Export,231,Ethiopia,ETH,0,World,WLD,,,,,,,,1001,Wheat and meslin,8,Weight in kilograms,7200,,,,7200,,2675,,,0
H1,2001,2001,2001,4,0,1,Import,233,Estonia,EST,0,World,WLD,,,,,,,,1001,Wheat and meslin,8,Weight in kilograms,37271957,,,,37271957,,4006695,,,0
H1,2001,2001,2001,4,0,2,Export,233,Estonia,EST,0,World,WLD,,,,,,,,1001,Wheat and meslin,8,Weight in kilograms,3293800,,,,3293800,,427416,,,0
H1,2001,2001,2001,4,0,1,Import,234,Faeroe Isds,FRO,0,World,WLD,,,,,,,,1001,Wheat and meslin,8,Weight in kilograms,6133735,,,,6133735,,808392,,,0
H1,2001,2001,2001,4,0,1,Import,242,Fiji,FJI,0,World,WLD,,,,,,,,1001,Wheat and meslin,1,No Quantity,,,,,210358448,,15997733,,,0
H1,2001,2001,2001,4,0,1,Import,246,Finland,FIN,0,World,WLD,,,,,,,,1001,Wheat and meslin,8,Weight in kilograms,93650638,,,,93650638,,11702260,,,0
H1,2001,2001,2001,4,0,2,Export,246,Finland,FIN,0,World,WLD,,,,,,,,1001,Wheat and meslin,8,Weight in kilograms,1149485,,,,1149485,,318330,,,0
H1,2001,2001,2001,4,0,1,Import,251,France,FRA,0,World,WLD,,,,,,,,1001,Wheat and meslin,8,Weight in kilograms,533058700,,,,533058700,,81065212,,,0
H1,2001,2001,2001,4,0,2,Export,251,France,FRA,0,World,WLD,,,,,,,,1001,Wheat and meslin,8,Weight in kilograms,15559979900,,,,15559979900,,1791335549,,,0
H1,2001,2001,2001,4,0,4,Re-Import,251,France,FRA,0,World,WLD,,,,,,,,1001,Wheat and meslin,8,Weight in kilograms,50200,,,,50200,,59114,,,0
H1,2001,2001,2001,4,0,1,Import,258,French Polynesia,PYF,0,World,WLD,,,,,,,,1001,Wheat and meslin,8,Weight in kilograms,134540,,,,134540,,44730,,,0
H1,2001,2001,2001,4,0,1,Import,266,Gabon,GAB,0,World,WLD,,,,,,,,1001,Wheat and meslin,8,Weight in kilograms,69097352,,,,69097352,,12599185,,,0
H1,2001,2001,2001,4,0,1,Import,268,Georgia,GEO,0,World,WLD,,,,,,,,1001,Wheat and meslin,8,Weight in kilograms,98123224,,,,98123224,,14395532,,,0
H1,2001,2001,2001,4,0,2,Export,268,Georgia,GEO,0,World,WLD,,,,,,,,1001,Wheat and meslin,8,Weight in kilograms,9958625,,,,9958625,,1295650,,,0
H1,2001,2001,2001,4,0,1,Import,276,Germany,DEU,0,World,WLD,,,,,,,,1001,Wheat and meslin,8,Weight in kilograms,1396102200,,,,1396102200,,182178000,,,0
H1,2001,2001,2001,4,0,2,Export,276,Germany,DEU,0,World,WLD,,,,,,,,1001,Wheat and meslin,8,Weight in kilograms,6540876603,,,,6540876603,,862433000,,,6
H1,2001,2001,2001,4,0,1,Import,300,Greece,GRC,0,World,WLD,,,,,,,,1001,Wheat and meslin,8,Weight in kilograms,748920384,,,,748920384,,92655106,,,0
H1,2001,2001,2001,4,0,2,Export,300,Greece,GRC,0,World,WLD,,,,,,,,1001,Wheat and meslin,8,Weight in kilograms,354216995,,,,354216995,,56655854,,,0
H1,2001,2001,2001,4,0,1,Import,304,Greenland,GRL,0,World,WLD,,,,,,,,1001,Wheat and meslin,8,Weight in kilograms,20717,,,,20717,,9492,,,0
H1,2001,2001,2001,4,0,1,Import,308,Grenada,GRD,0,World,WLD,,,,,,,,1001,Wheat and meslin,8,Weight in kilograms,11235660,,,,11235660,,1891953,,,0
H1,2001,2001,2001,4,0,1,Import,320,Guatemala,GTM,0,World,WLD,,,,,,,,1001,Wheat and meslin,8,Weight in kilograms,407470408,,,,407470408,,70839835,,,0
H1,2001,2001,2001,4,0,2,Export,320,Guatemala,GTM,0,World,WLD,,,,,,,,1001,Wheat and meslin,8,Weight in kilograms,5695416,,,,5695416,,1251001,,,0
H1,2001,2001,2001,4,0,1,Import,324,Guinea,GIN,0,World,WLD,,,,,,,,1001,Wheat and meslin,8,Weight in kilograms,48845333,,,,48845333,,10682495,,,0
H1,2001,2001,2001,4,0,2,Export,324,Guinea,GIN,0,World,WLD,,,,,,,,1001,Wheat and meslin,8,Weight in kilograms,2000,,,,2000,,74794,,,0
H1,2001,2001,2001,4,0,1,Import,328,Guyana,GUY,0,World,WLD,,,,,,,,1001,Wheat and meslin,8,Weight in kilograms,55030605,,,,55030605,,7006290,,,0
H1,2001,2001,2001,4,0,1,Import,340,Honduras,HND,0,World,WLD,,,,,,,,1001,Wheat and meslin,8,Weight in kilograms,240015789,,,,240015789,,36998106,,,0
H1,2001,2001,2001,4,0,2,Export,340,Honduras,HND,0,World,WLD,,,,,,,,1001,Wheat and meslin,8,Weight in kilograms,1135,,,,1135,,705,,,0
H1,2001,2001,2001,4,0,1,Import,344,"China, Hong Kong SAR",HKG,0,World,WLD,,,,,,,,1001,Wheat and meslin,8,Weight in kilograms,10419,,,,10419,,2164117,,,0
H1,2001,2001,2001,4,0,2,Export,344,"China, Hong Kong SAR",HKG,0,World,WLD,,,,,,,,1001,Wheat and meslin,8,Weight in kilograms,8,,,,8,,2597,,,0
H1,2001,2001,2001,4,0,3,Re-Export,344,"China, Hong Kong SAR",HKG,0,World,WLD,,,,,,,,1001,Wheat and meslin,8,Weight in kilograms,8,,,,8,,2597,,,0
H1,2001,2001,2001,4,0,2,Export,348,Hungary,HUN,0,World,WLD,,,,,,,,1001,Wheat and meslin,8,Weight in kilograms,1515117400,,,,1515117400,,150655000,,,0
H1,2001,2001,2001,4,0,1,Import,352,Iceland,ISL,0,World,WLD,,,,,,,,1001,Wheat and meslin,8,Weight in kilograms,22782985,,,,22782985,,3315430,,,0
H1,2001,2001,2001,4,0,2,Export,352,Iceland,ISL,0,World,WLD,,,,,,,,1001,Wheat and meslin,8,Weight in kilograms,54144,,,,54144,,17265,,,0
H1,2001,2001,2001,4,0,1,Import,360,Indonesia,IDN,0,World,WLD,,,,,,,,1001,Wheat and meslin,8,Weight in kilograms,2717607977,,,,2717607977,,399521747,,,0
H1,2001,2001,2001,4,0,2,Export,360,Indonesia,IDN,0,World,WLD,,,,,,,,1001,Wheat and meslin,8,Weight in kilograms,61853,,,,61853,,35684,,,0
H1,2001,2001,2001,4,0,1,Import,364,Iran,IRN,0,World,WLD,,,,,,,,1001,Wheat and meslin,8,Weight in kilograms,6438950065,,,,6438950065,,876769637,,,0
H1,2001,2001,2001,4,0,2,Export,364,Iran,IRN,0,World,WLD,,,,,,,,1001,Wheat and meslin,8,Weight in kilograms,750000,,,,750000,,164350,,,0
H1,2001,2001,2001,4,0,1,Import,372,Ireland,IRL,0,World,WLD,,,,,,,,1001,Wheat and meslin,8,Weight in kilograms,358550353,,,,358550353,,49066188,,,0
H1,2001,2001,2001,4,0,2,Export,372,Ireland,IRL,0,World,WLD,,,,,,,,1001,Wheat and meslin,8,Weight in kilograms,34674040,,,,34674040,,5027802,,,0
H1,2001,2001,2001,4,0,1,Import,376,Israel,ISR,0,World,WLD,,,,,,,,1001,Wheat and meslin,8,Weight in kilograms,1319306050,,,,1319306050,,170648000,,,6
H1,2001,2001,2001,4,0,2,Export,376,Israel,ISR,0,World,WLD,,,,,,,,1001,Wheat and meslin,8,Weight in kilograms,3026518,,,,3026518,,465000,,,6
H1,2001,2001,2001,4,0,1,Import,381,Italy,ITA,0,World,WLD,,,,,,,,1001,Wheat and meslin,8,Weight in kilograms,7705730479,,,,7705730479,,1087632184,,,0
H1,2001,2001,2001,4,0,2,Export,381,Italy,ITA,0,World,WLD,,,,,,,,1001,Wheat and meslin,8,Weight in kilograms,175716591,,,,175716591,,35164569,,,0
H1,2001,2001,2001,4,0,1,Import,384,Côte d'Ivoire,CIV,0,World,WLD,,,,,,,,1001,Wheat and meslin,8,Weight in kilograms,281849425,,,,281849425,,46319760,,,0
H1,2001,2001,2001,4,0,1,Import,388,Jamaica,JAM,0,World,WLD,,,,,,,,1001,Wheat and meslin,8,Weight in kilograms,194765249,,,,194765249,,27293257,,,0
H1,2001,2001,2001,4,0,1,Import,392,Japan,JPN,0,World,WLD,,,,,,,,1001,Wheat and meslin,8,Weight in kilograms,5521251000,,,,5521251000,,1037734209,,,0
H1,2001,2001,2001,4,0,2,Export,392,Japan,JPN,0,World,WLD,,,,,,,,1001,Wheat and meslin,8,Weight in kilograms,6000,,,,6000,,17401,,,0
H1,2001,2001,2001,4,0,1,Import,398,Kazakhstan,KAZ,0,World,WLD,,,,,,,,1001,Wheat and meslin,8,Weight in kilograms,2411600,,,,2411600,,517500,,,0
H1,2001,2001,2001,4,0,2,Export,398,Kazakhstan,KAZ,0,World,WLD,,,,,,,,1001,Wheat and meslin,8,Weight in kilograms,3046178900,,,,3046178900,,321070500,,,0
H1,2001,2001,2001,4,0,1,Import,400,Jordan,JOR,0,World,WLD,,,,,,,,1001,Wheat and meslin,8,Weight in kilograms,583027560,,,,583027560,,91792083,,,0
H1,2001,2001,2001,4,0,2,Export,400,Jordan,JOR,0,World,WLD,,,,,,,,1001,Wheat and meslin,8,Weight in kilograms,79000,,,,79000,,34993,,,0
H1,2001,2001,2001,4,0,1,Import,404,Kenya,KEN,0,World,WLD,,,,,,,,1001,Wheat and meslin,8,Weight in kilograms,641252532,,,,641252532,,100335027,,,0
H1,2001,2001,2001,4,0,1,Import,410,Rep. of Korea,KOR,0,World,WLD,,,,,,,,1001,Wheat and meslin,8,Weight in kilograms,3628734932,,,,3628734932,,529731176,,,0
H1,2001,2001,2001,4,0,1,Import,417,Kyrgyzstan,KGZ,0,World,WLD,,,,,,,,1001,Wheat and meslin,8,Weight in kilograms,74346046,,,,74346046,,6673510,,,6
H1,2001,2001,2001,4,0,2,Export,417,Kyrgyzstan,KGZ,0,World,WLD,,,,,,,,1001,Wheat and meslin,8,Weight in kilograms,4857100,,,,4857100,,676831,,,0
H1,2001,2001,2001,4,0,1,Import,422,Lebanon,LBN,0,World,WLD,,,,,,,,1001,Wheat and meslin,8,Weight in kilograms,368984098,,,,368984098,,52396177,,,0
H1,2001,2001,2001,4,0,2,Export,422,Lebanon,LBN,0,World,WLD,,,,,,,,1001,Wheat and meslin,8,Weight in kilograms,12590,,,,12590,,16054,,,0
H1,2001,2001,2001,4,0,1,Import,428,Latvia,LVA,0,World,WLD,,,,,,,,1001,Wheat and meslin,8,Weight in kilograms,78572,,,,78572,,36863,,,0
H1,2001,2001,2001,4,0,2,Export,428,Latvia,LVA,0,World,WLD,,,,,,,,1001,Wheat and meslin,8,Weight in kilograms,86080647,,,,86080647,,8489597,,,0
H1,2001,2001,2001,4,0,1,Import,440,Lithuania,LTU,0,World,WLD,,,,,,,,1001,Wheat and meslin,8,Weight in kilograms,263909,,,,263909,,89595,,,0
H1,2001,2001,2001,4,0,2,Export,440,Lithuania,LTU,0,World,WLD,,,,,,,,1001,Wheat and meslin,8,Weight in kilograms,408775562,,,,408775562,,43468408,,,0
H1,2001,2001,2001,4,0,1,Import,442,Luxembourg,LUX,0,World,WLD,,,,,,,,1001,Wheat and meslin,8,Weight in kilograms,46310107,,,,46310107,,7360953,,,0
H1,2001,2001,2001,4,0,2,Export,442,Luxembourg,LUX,0,World,WLD,,,,,,,,1001,Wheat and meslin,8,Weight in kilograms,12068771,,,,12068771,,1659563,,,0
H1,2001,2001,2001,4,0,1,Import,450,Madagascar,MDG,0,World,WLD,,,,,,,,1001,Wheat and meslin,8,Weight in kilograms,21279299,,,,21279299,,3528494,,,0
H1,2001,2001,2001,4,0,1,Import,454,Malawi,MWI,0,World,WLD,,,,,,,,1001,Wheat and meslin,8,Weight in kilograms,15753000,,,,15753000,,3507175,,,0
H1,2001,2001,2001,4,0,1,Import,458,Malaysia,MYS,0,World,WLD,,,,,,,,1001,Wheat and meslin,8,Weight in kilograms,1443396004,,,,1443396004,,206149095,,,6
H1,2001,2001,2001,4,0,2,Export,458,Malaysia,MYS,0,World,WLD,,,,,,,,1001,Wheat and meslin,8,Weight in kilograms,67248,,,,67248,,8637,,,6
H1,2001,2001,2001,4,0,1,Import,462,Maldives,MDV,0,World,WLD,,,,,,,,1001,Wheat and meslin,8,Weight in kilograms,2416,,,,2416,,2220,,,0
H1,2001,2001,2001,4,0,1,Import,466,Mali,MLI,0,World,WLD,,,,,,,,1001,Wheat and meslin,8,Weight in kilograms,36512813,,,,36512813,,6714278,,,0
H1,2001,2001,2001,4,0,1,Import,470,Malta,MLT,0,World,WLD,,,,,,,,1001,Wheat and meslin,8,Weight in kilograms,38832895,,,,38832895,,5941645,,,0
H1,2001,2001,2001,4,0,1,Import,478,Mauritania,MRT,0,World,WLD,,,,,,,,1001,Wheat and meslin,8,Weight in kilograms,65192458,,,,65192458,,6720215,,,0
H1,2001,2001,2001,4,0,1,Import,480,Mauritius,MUS,0,World,WLD,,,,,,,,1001,Wheat and meslin,8,Weight in kilograms,125940587,,,,125940587,,17987117,,,6
H1,2001,2001,2001,4,0,1,Import,484,Mexico,MEX,0,World,WLD,,,,,,,,1001,Wheat and meslin,8,Weight in kilograms,3385800200,,,,3385800200,,422628595,,,0
H1,2001,2001,2001,4,0,2,Export,484,Mexico,MEX,0,World,WLD,,,,,,,,1001,Wheat and meslin,8,Weight in kilograms,512996582,,,,512996582,,77841032,,,0
H1,2001,2001,2001,4,0,1,Import,490,"Other Asia, nes",,0,World,WLD,,,,,,,,1001,Wheat and meslin,8,Weight in kilograms,1020852000,,,,1020852000,,173839226,,,0
H1,2001,2001,2001,4,0,2,Export,490,"Other Asia, nes",,0,World,WLD,,,,,,,,1001,Wheat and meslin,8,Weight in kilograms,40684,,,,40684,,4938,,,6
H1,2001,2001,2001,4,0,1,Import,496,Mongolia,MNG,0,World,WLD,,,,,,,,1001,Wheat and meslin,8,Weight in kilograms,29902190,,,,29902190,,20583866,,,0
H1,2001,2001,2001,4,0,2,Export,496,Mongolia,MNG,0,World,WLD,,,,,,,,1001,Wheat and meslin,8,Weight in kilograms,1000,,,,1000,,32,,,0
H1,2001,2001,2001,4,0,1,Import,498,Rep. of Moldova,MDA,0,World,WLD,,,,,,,,1001,Wheat and meslin,8,Weight in kilograms,11853188,,,,11853188,,1544212,,,0
H1,2001,2001,2001,4,0,2,Export,498,Rep. of Moldova,MDA,0,World,WLD,,,,,,,,1001,Wheat and meslin,8,Weight in kilograms,62765993,,,,62765993,,4351085,,,0
H1,2001,2001,2001,4,0,1,Import,508,Mozambique,MOZ,0,World,WLD,,,,,,,,1001,Wheat and meslin,8,Weight in kilograms,177191064,,,,177191064,,25306830,,,6
H1,2001,2001,2001,4,0,1,Import,512,Oman,OMN,0,World,WLD,,,,,,,,1001,Wheat and meslin,8,Weight in kilograms,289342842,,,,289342842,,50503813,,,0
H1,2001,2001,2001,4,0,2,Export,512,Oman,OMN,0,World,WLD,,,,,,,,1001,Wheat and meslin,8,Weight in kilograms,33440335,,,,33440335,,5922174,,,0
H1,2001,2001,2001,4,0,1,Import,516,Namibia,NAM,0,World,WLD,,,,,,,,1001,Wheat and meslin,8,Weight in kilograms,14463467,,,,14463467,,1729894,,,0
H1,2001,2001,2001,4,0,2,Export,516,Namibia,NAM,0,World,WLD,,,,,,,,1001,Wheat and meslin,8,Weight in kilograms,22,,,,22,,158,,,0
H1,2001,2001,2001,4,0,1,Import,528,Netherlands,NLD,0,World,WLD,,,,,,,,1001,Wheat and meslin,8,Weight in kilograms,3933958239,,,,3933958239,,466587212,,,0
H1,2001,2001,2001,4,0,2,Export,528,Netherlands,NLD,0,World,WLD,,,,,,,,1001,Wheat and meslin,8,Weight in kilograms,183676982,,,,183676982,,27866820,,,0
H1,2001,2001,2001,4,0,1,Import,533,Aruba,ABW,0,World,WLD,,,,,,,,1001,Wheat and meslin,1,No Quantity,,,,,32953150,,9260134,,,0
H1,2001,2001,2001,4,0,2,Export,533,Aruba,ABW,0,World,WLD,,,,,,,,1001,Wheat and meslin,1,No Quantity,,,,,27858120,,7683307,,,0
H1,2001,2001,2001,4,0,1,Import,540,New Caledonia,NCL,0,World,WLD,,,,,,,,1001,Wheat and meslin,8,Weight in kilograms,22933800,,,,22933800,,4013832,,,0
H1,2001,2001,2001,4,0,1,Import,554,New Zealand,NZL,0,World,WLD,,,,,,,,1001,Wheat and meslin,8,Weight in kilograms,276966922,,,,276966922,,42030532,,,0
H1,2001,2001,2001,4,0,2,Export,554,New Zealand,NZL,0,World,WLD,,,,,,,,1001,Wheat and meslin,8,Weight in kilograms,3523,,,,3523,,836,,,0
H1,2001,2001,2001,4,0,1,Import,558,Nicaragua,NIC,0,World,WLD,,,,,,,,1001,Wheat and meslin,8,Weight in kilograms,97628384,,,,97628384,,16919433,,,0
H1,2001,2001,2001,4,0,1,Import,562,Niger,NER,0,World,WLD,,,,,,,,1001,Wheat and meslin,8,Weight in kilograms,3614294,,,,3614294,,1225534,,,0
H1,2001,2001,2001,4,0,1,Import,566,Nigeria,NGA,0,World,WLD,,,,,,,,1001,Wheat and meslin,8,Weight in kilograms,1157067613,,,,1157067613,,338717315,,,0
H1,2001,2001,2001,4,0,2,Export,566,Nigeria,NGA,0,World,WLD,,,,,,,,1001,Wheat and meslin,8,Weight in kilograms,2000000,,,,2000000,,187016,,,0
H1,2001,2001,2001,4,0,1,Import,579,Norway,NOR,0,World,WLD,,,,,,,,1001,Wheat and meslin,8,Weight in kilograms,249349240,,,,249349240,,34217586,,,0
H1,2001,2001,2001,4,0,2,Export,579,Norway,NOR,0,World,WLD,,,,,,,,1001,Wheat and meslin,8,Weight in kilograms,1837185,,,,1837185,,340217,,,0
H1,2001,2001,2001,4,0,1,Import,591,Panama,PAN,0,World,WLD,,,,,,,,1001,Wheat and meslin,8,Weight in kilograms,94105154,,,,94105154,,15622747,,,0
H1,2001,2001,2001,4,0,1,Import,600,Paraguay,PRY,0,World,WLD,,,,,,,,1001,Wheat and meslin,8,Weight in kilograms,54005392,,,,54005392,,7191755,,,0
H1,2001,2001,2001,4,0,2,Export,600,Paraguay,PRY,0,World,WLD,,,,,,,,1001,Wheat and meslin,8,Weight in kilograms,64245000,,,,64245000,,6665805,,,0
H1,2001,2001,2001,4,0,1,Import,604,Peru,PER,0,World,WLD,,,,,,,,1001,Wheat and meslin,8,Weight in kilograms,1406619164,,,,1406619164,,206929713,,,0
H1,2001,2001,2001,4,0,2,Export,604,Peru,PER,0,World,WLD,,,,,,,,1001,Wheat and meslin,8,Weight in kilograms,31308,,,,31308,,33127,,,6
H1,2001,2001,2001,4,0,1,Import,608,Philippines,PHL,0,World,WLD,,,,,,,,1001,Wheat and meslin,8,Weight in kilograms,2891216544,,,,2891216544,,485105134,,,0
H1,2001,2001,2001,4,0,2,Export,608,Philippines,PHL,0,World,WLD,,,,,,,,1001,Wheat and meslin,8,Weight in kilograms,650004,,,,650004,,107708,,,0
H1,2001,2001,2001,4,0,1,Import,616,Poland,POL,0,World,WLD,,,,,,,,1001,Wheat and meslin,8,Weight in kilograms,317338884,,,,317338884,,45142000,,,0
H1,2001,2001,2001,4,0,2,Export,616,Poland,POL,0,World,WLD,,,,,,,,1001,Wheat and meslin,8,Weight in kilograms,31362,,,,31362,,72000,,,0
H1,2001,2001,2001,4,0,1,Import,620,Portugal,PRT,0,World,WLD,,,,,,,,1001,Wheat and meslin,8,Weight in kilograms,1602922895,,,,1602922895,,208471373,,,0
H1,2001,2001,2001,4,0,2,Export,620,Portugal,PRT,0,World,WLD,,,,,,,,1001,Wheat and meslin,8,Weight in kilograms,103837686,,,,103837686,,13286087,,,0
H1,2001,2001,2001,4,0,1,Import,634,Qatar,QAT,0,World,WLD,,,,,,,,1001,Wheat and meslin,8,Weight in kilograms,51712924,,,,51712924,,8629525,,,0
H1,2001,2001,2001,4,0,2,Export,634,Qatar,QAT,0,World,WLD,,,,,,,,1001,Wheat and meslin,8,Weight in kilograms,97999,,,,97999,,33928,,,0
H1,2001,2001,2001,4,0,1,Import,642,Romania,ROU,0,World,WLD,,,,,,,,1001,Wheat and meslin,8,Weight in kilograms,296419008,,,,296419008,,37677000,,,0
H1,2001,2001,2001,4,0,2,Export,642,Romania,ROU,0,World,WLD,,,,,,,,1001,Wheat and meslin,8,Weight in kilograms,405004992,,,,405004992,,40188000,,,0
H1,2001,2001,2001,4,0,1,Import,643,Russian Federation,RUS,0,World,WLD,,,,,,,,1001,Wheat and meslin,8,Weight in kilograms,923316450,,,,923316450,,103114963,,,0
H1,2001,2001,2001,4,0,2,Export,643,Russian Federation,RUS,0,World,WLD,,,,,,,,1001,Wheat and meslin,8,Weight in kilograms,1638011727,,,,1638011727,,143978145,,,0
H1,2001,2001,2001,4,0,1,Import,659,Saint Kitts and Nevis,KNA,0,World,WLD,,,,,,,,1001,Wheat and meslin,8,Weight in kilograms,15,,,,15,,364,,,0
H1,2001,2001,2001,4,0,1,Import,662,Saint Lucia,LCA,0,World,WLD,,,,,,,,1001,Wheat and meslin,8,Weight in kilograms,9,,,,9,,20,,,0
H1,2001,2001,2001,4,0,2,Export,662,Saint Lucia,LCA,0,World,WLD,,,,,,,,1001,Wheat and meslin,8,Weight in kilograms,10,,,,10,,259,,,0
H1,2001,2001,2001,4,0,3,Re-Export,662,Saint Lucia,LCA,0,World,WLD,,,,,,,,1001,Wheat and meslin,8,Weight in kilograms,10,,,,10,,259,,,0
H1,2001,2001,2001,4,0,1,Import,670,Saint Vincent and the Grenadines,VCT,0,World,WLD,,,,,,,,1001,Wheat and meslin,8,Weight in kilograms,18818403,,,,18818403,,3200093,,,6
H1,2001,2001,2001,4,0,2,Export,670,Saint Vincent and the Grenadines,VCT,0,World,WLD,,,,,,,,1001,Wheat and meslin,8,Weight in kilograms,362,,,,362,,148,,,0
H1,2001,2001,2001,4,0,3,Re-Export,670,Saint Vincent and the Grenadines,VCT,0,World,WLD,,,,,,,,1001,Wheat and meslin,8,Weight in kilograms,135,,,,135,,56,,,0
H1,2001,2001,2001,4,0,1,Import,682,Saudi Arabia,SAU,0,World,WLD,,,,,,,,1001,Wheat and meslin,8,Weight in kilograms,575000,,,,575000,,203467,,,0
H1,2001,2001,2001,4,0,1,Import,686,Senegal,SEN,0,World,WLD,,,,,,,,1001,Wheat and meslin,8,Weight in kilograms,253451358,,,,253451358,,42693481,,,0
H1,2001,2001,2001,4,0,2,Export,686,Senegal,SEN,0,World,WLD,,,,,,,,1001,Wheat and meslin,8,Weight in kilograms,623,,,,623,,2773,,,0
H1,2001,2001,2001,4,0,1,Import,690,Seychelles,SYC,0,World,WLD,,,,,,,,1001,Wheat and meslin,8,Weight in kilograms,169907,,,,169907,,25801,,,6
H1,2001,2001,2001,4,0,1,Import,699,India,IND,0,World,WLD,,,,,,,,1001,Wheat and meslin,8,Weight in kilograms,1589450,,,,1589450,,213181,,,0
H1,2001,2001,2001,4,0,2,Export,699,India,IND,0,World,WLD,,,,,,,,1001,Wheat and meslin,8,Weight in kilograms,2535975133,,,,2535975133,,270942620,,,0
H1,2001,2001,2001,4,0,1,Import,702,Singapore,SGP,0,World,WLD,,,,,,,,1001,Wheat and meslin,8,Weight in kilograms,160086308,,,,160086308,,26558085,,,0
H1,2001,2001,2001,4,0,2,Export,702,Singapore,SGP,0,World,WLD,,,,,,,,1001,Wheat and meslin,8,Weight in kilograms,13283350,,,,13283350,,1989059,,,0
H1,2001,2001,2001,4,0,1,Import,703,Slovakia,SVK,0,World,WLD,,,,,,,,1001,Wheat and meslin,8,Weight in kilograms,188964404,,,,188964404,,22895678,,,0
H1,2001,2001,2001,4,0,2,Export,703,Slovakia,SVK,0,World,WLD,,,,,,,,1001,Wheat and meslin,8,Weight in kilograms,8926745,,,,8926745,,1239220,,,0
H1,2001,2001,2001,4,0,1,Import,704,Viet Nam,VNM,0,World,WLD,,,,,,,,1001,Wheat and meslin,8,Weight in kilograms,709394620,,,,709394620,,101317330,,,6
H1,2001,2001,2001,4,0,2,Export,704,Viet Nam,VNM,0,World,WLD,,,,,,,,1001,Wheat and meslin,8,Weight in kilograms,2406184,,,,2406184,,292051,,,6
H1,2001,2001,2001,4,0,1,Import,705,Slovenia,SVN,0,World,WLD,,,,,,,,1001,Wheat and meslin,8,Weight in kilograms,110242902,,,,110242902,,14270671,,,0
H1,2001,2001,2001,4,0,2,Export,705,Slovenia,SVN,0,World,WLD,,,,,,,,1001,Wheat and meslin,8,Weight in kilograms,192991,,,,192991,,40538,,,0
H1,2001,2001,2001,4,0,1,Import,710,South Africa,ZAF,0,World,WLD,,,,,,,,1001,Wheat and meslin,8,Weight in kilograms,323233543,,,,323233543,,31785015,,,0
H1,2001,2001,2001,4,0,2,Export,710,South Africa,ZAF,0,World,WLD,,,,,,,,1001,Wheat and meslin,8,Weight in kilograms,304446682,,,,304446682,,40774968,,,0
H1,2001,2001,2001,4,0,1,Import,716,Zimbabwe,ZWE,0,World,WLD,,,,,,,,1001,Wheat and meslin,8,Weight in kilograms,21331678,,,,21331678,,4421606,,,0
H1,2001,2001,2001,4,0,2,Export,716,Zimbabwe,ZWE,0,World,WLD,,,,,,,,1001,Wheat and meslin,8,Weight in kilograms,124000,,,,124000,,29627,,,0
H1,2001,2001,2001,4,0,3,Re-Export,716,Zimbabwe,ZWE,0,World,WLD,,,,,,,,1001,Wheat and meslin,8,Weight in kilograms,124000,,,,124000,,29627,,,0
H1,2001,2001,2001,4,0,1,Import,724,Spain,ESP,0,World,WLD,,,,,,,,1001,Wheat and meslin,8,Weight in kilograms,4157281907,,,,4157281907,,513844106,,,6
H1,2001,2001,2001,4,0,2,Export,724,Spain,ESP,0,World,WLD,,,,,,,,1001,Wheat and meslin,8,Weight in kilograms,883446989,,,,883446989,,145073804,,,0
H1,2001,2001,2001,4,0,1,Import,736,Fmr Sudan,SDN,0,World,WLD,,,,,,,,1001,Wheat and meslin,8,Weight in kilograms,746736015,,,,746736015,,138703008,,,6
H1,2001,2001,2001,4,0,1,Import,748,Eswatini,SWZ,0,World,WLD,,,,,,,,1001,Wheat and meslin,8,Weight in kilograms,24449665,,,,24449665,,3812611,,,0
H1,2001,2001,2001,4,0,2,Export,748,Eswatini,SWZ,0,World,WLD,,,,,,,,1001,Wheat and meslin,8,Weight in kilograms,603,,,,603,,92,,,0
H1,2001,2001,2001,4,0,1,Import,752,Sweden,SWE,0,World,WLD,,,,,,,,1001,Wheat and meslin,8,Weight in kilograms,94394290,,,,94394290,,12747241,,,6
H1,2001,2001,2001,4,0,2,Export,752,Sweden,SWE,0,World,WLD,,,,,,,,1001,Wheat and meslin,8,Weight in kilograms,812995476,,,,812995476,,102129175,,,6
H1,2001,2001,2001,4,0,1,Import,757,Switzerland,CHE,0,World,WLD,,,,,,,,1001,Wheat and meslin,8,Weight in kilograms,259414943,,,,259414943,,48046443,,,6
H1,2001,2001,2001,4,0,2,Export,757,Switzerland,CHE,0,World,WLD,,,,,,,,1001,Wheat and meslin,8,Weight in kilograms,71500,,,,71500,,47273,,,0
H1,2001,2001,2001,4,0,1,Import,760,Syria,SYR,0,World,WLD,,,,,,,,1001,Wheat and meslin,8,Weight in kilograms,1748000,,,,1748000,,6046958,,,0
H1,2001,2001,2001,4,0,1,Import,764,Thailand,THA,0,World,WLD,,,,,,,,1001,Wheat and meslin,8,Weight in kilograms,811619783,,,,811619783,,135448710,,,0
H1,2001,2001,2001,4,0,2,Export,764,Thailand,THA,0,World,WLD,,,,,,,,1001,Wheat and meslin,8,Weight in kilograms,9728,,,,9728,,6121,,,0
H1,2001,2001,2001,4,0,1,Import,768,Togo,TGO,0,World,WLD,,,,,,,,1001,Wheat and meslin,8,Weight in kilograms,130464354,,,,130464354,,23234987,,,0
H1,2001,2001,2001,4,0,1,Import,780,Trinidad and Tobago,TTO,0,World,WLD,,,,,,,,1001,Wheat and meslin,8,Weight in kilograms,9163349,,,,9163349,,16270847,,,0
H1,2001,2001,2001,4,0,2,Export,780,Trinidad and Tobago,TTO,0,World,WLD,,,,,,,,1001,Wheat and meslin,8,Weight in kilograms,3629,,,,3629,,605881,,,0
H1,2001,2001,2001,4,0,1,Import,784,United Arab Emirates,ARE,0,World,WLD,,,,,,,,1001,Wheat and meslin,1,No Quantity,,,,,1225142243,,109171829,,,0
H1,2001,2001,2001,4,0,2,Export,784,United Arab Emirates,ARE,0,World,WLD,,,,,,,,1001,Wheat and meslin,1,No Quantity,,,,,774505,,233261,,,0
H1,2001,2001,2001,4,0,3,Re-Export,784,United Arab Emirates,ARE,0,World,WLD,,,,,,,,1001,Wheat and meslin,1,No Quantity,,,,,424505,,153300,,,0
H1,2001,2001,2001,4,0,1,Import,788,Tunisia,TUN,0,World,WLD,,,,,,,,1001,Wheat and meslin,8,Weight in kilograms,1454300098,,,,1454300098,,198584754,,,0
H1,2001,2001,2001,4,0,1,Import,792,Turkey,TUR,0,World,WLD,,,,,,,,1001,Wheat and meslin,8,Weight in kilograms,346827296,,,,346827296,,49620882,,,0
H1,2001,2001,2001,4,0,2,Export,792,Turkey,TUR,0,World,WLD,,,,,,,,1001,Wheat and meslin,8,Weight in kilograms,1117968638,,,,1117968638,,136224522,,,0
H1,2001,2001,2001,4,0,1,Import,800,Uganda,UGA,0,World,WLD,,,,,,,,1001,Wheat and meslin,8,Weight in kilograms,85407407,,,,85407407,,25750764,,,0
H1,2001,2001,2001,4,0,2,Export,800,Uganda,UGA,0,World,WLD,,,,,,,,1001,Wheat and meslin,8,Weight in kilograms,33000,,,,33000,,580,,,0
H1,2001,2001,2001,4,0,1,Import,804,Ukraine,UKR,0,World,WLD,,,,,,,,1001,Wheat and meslin,8,Weight in kilograms,181929118,,,,181929118,,25376010,,,0
H1,2001,2001,2001,4,0,2,Export,804,Ukraine,UKR,0,World,WLD,,,,,,,,1001,Wheat and meslin,8,Weight in kilograms,2852610044,,,,2852610044,,233107820,,,0
H1,2001,2001,2001,4,0,1,Import,807,North Macedonia,MKD,0,World,WLD,,,,,,,,1001,Wheat and meslin,8,Weight in kilograms,33692620,,,,33692620,,5011961,,,0
H1,2001,2001,2001,4,0,1,Import,826,United Kingdom,GBR,0,World,WLD,,,,,,,,1001,Wheat and meslin,8,Weight in kilograms,1305643975,,,,1305643975,,210173816,,,0
H1,2001,2001,2001,4,0,2,Export,826,United Kingdom,GBR,0,World,WLD,,,,,,,,1001,Wheat and meslin,8,Weight in kilograms,1699264917,,,,1699264917,,201123977,,,0
H1,2001,2001,2001,4,0,1,Import,834,United Rep. of Tanzania,TZA,0,World,WLD,,,,,,,,1001,Wheat and meslin,8,Weight in kilograms,381794365,,,,381794365,,58264644,,,0
H1,2001,2001,2001,4,0,2,Export,834,United Rep. of Tanzania,TZA,0,World,WLD,,,,,,,,1001,Wheat and meslin,8,Weight in kilograms,1215261,,,,1215261,,297942,,,0
H1,2001,2001,2001,4,0,1,Import,842,USA,USA,0,World,WLD,,,,,,,,1001,Wheat and meslin,8,Weight in kilograms,1902455054,,,,1902455054,,281767113,,,6
H1,2001,2001,2001,4,0,2,Export,842,USA,USA,0,World,WLD,,,,,,,,1001,Wheat and meslin,8,Weight in kilograms,25784114,,,,25784114,,3378467937,,,6
H1,2001,2001,2001,4,0,3,Re-Export,842,USA,USA,0,World,WLD,,,,,,,,1001,Wheat and meslin,8,Weight in kilograms,1671460,,,,1671460,,3766580,,,6
H1,2001,2001,2001,4,0,1,Import,854,Burkina Faso,BFA,0,World,WLD,,,,,,,,1001,Wheat and meslin,8,Weight in kilograms,22061374,,,,22061374,,4155059,,,0
H1,2001,2001,2001,4,0,1,Import,858,Uruguay,URY,0,World,WLD,,,,,,,,1001,Wheat and meslin,8,Weight in kilograms,39029074,,,,39029074,,4659080,,,0
H1,2001,2001,2001,4,0,2,Export,858,Uruguay,URY,0,World,WLD,,,,,,,,1001,Wheat and meslin,8,Weight in kilograms,65000,,,,65000,,19500,,,0
H1,2001,2001,2001,4,0,1,Import,862,Venezuela,VEN,0,World,WLD,,,,,,,,1001,Wheat and meslin,8,Weight in kilograms,1297381406,,,,1297381406,,193554480,,,0
H1,2001,2001,2001,4,0,2,Export,862,Venezuela,VEN,0,World,WLD,,,,,,,,1001,Wheat and meslin,8,Weight in kilograms,30000,,,,30000,,7908,,,0
H1,2001,2001,2001,4,0,1,Import,882,Samoa,WSM,0,World,WLD,,,,,,,,1001,Wheat and meslin,8,Weight in kilograms,7,,,,7,,132,,,0
H1,2001,2001,2001,4,0,1,Import,891,Serbia and Montenegro,SCG,0,World,WLD,,,,,,,,1001,Wheat and meslin,8,Weight in kilograms,8851670,,,,8851670,,1106363,,,0
H1,2001,2001,2001,4,0,2,Export,891,Serbia and Montenegro,SCG,0,World,WLD,,,,,,,,1001,Wheat and meslin,8,Weight in kilograms,17024131,,,,17024131,,2752674,,,0
H0,2001,2001,2001,4,0,1,Import,48,Bahrain,BHR,0,World,WLD,,,,,,,,1001,Wheat and meslin,8,Weight in kilograms,59974780,,,,59974780,,8407560,,,0
H0,2001,2001,2001,4,0,2,Export,48,Bahrain,BHR,0,World,WLD,,,,,,,,1001,Wheat and meslin,8,Weight in kilograms,227550,,,,227550,,62409,,,0
H0,2001,2001,2001,4,0,1,Import,50,Bangladesh,BGD,0,World,WLD,,,,,,,,1001,Wheat and meslin,8,Weight in kilograms,1758016813,,,,1758016813,,275234250,,,0
H0,2001,2001,2001,4,0,1,Import,96,Brunei Darussalam,BRN,0,World,WLD,,,,,,,,1001,Wheat and meslin,8,Weight in kilograms,4270990,,,,4270990,,2218617,,,0
H0,2001,2001,2001,4,0,1,Import,108,Burundi,BDI,0,World,WLD,,,,,,,,1001,Wheat and meslin,8,Weight in kilograms,866105,,,,866105,,347020,,,0
H0,2001,2001,2001,4,0,1,Import,140,Central African Rep.,CAF,0,World,WLD,,,,,,,,1001,Wheat and meslin,8,Weight in kilograms,1182,,,,1182,,2240,,,0
H0,2001,2001,2001,4,0,1,Import,174,Comoros,COM,0,World,WLD,,,,,,,,1001,Wheat and meslin,8,Weight in kilograms,24,,,,24,,56,,,0
H0,2001,2001,2001,4,0,1,Import,270,Gambia,GMB,0,World,WLD,,,,,,,,1001,Wheat and meslin,8,Weight in kilograms,8884,,,,8884,,277,,,0
H0,2001,2001,2001,4,0,1,Import,288,Ghana,GHA,0,World,WLD,,,,,,,,1001,Wheat and meslin,8,Weight in kilograms,152118140,,,,152118140,,48776459,,,0
H0,2001,2001,2001,4,0,2,Export,288,Ghana,GHA,0,World,WLD,,,,,,,,1001,Wheat and meslin,8,Weight in kilograms,1501000,,,,1501000,,115000,,,0
H0,2001,2001,2001,4,0,1,Import,414,Kuwait,KWT,0,World,WLD,,,,,,,,1001,Wheat and meslin,8,Weight in kilograms,179277240,,,,179277240,,28703669,,,0
H0,2001,2001,2001,4,0,2,Export,414,Kuwait,KWT,0,World,WLD,,,,,,,,1001,Wheat and meslin,8,Weight in kilograms,7840,,,,7840,,1063,,,0
H0,2001,2001,2001,4,0,3,Re-Export,414,Kuwait,KWT,0,World,WLD,,,,,,,,1001,Wheat and meslin,8,Weight in kilograms,7840,,,,7840,,1063,,,0
H0,2001,2001,2001,4,0,1,Import,426,Lesotho,LSO,0,World,WLD,,,,,,,,1001,Wheat and meslin,8,Weight in kilograms,13423921,,,,13423921,,2089717,,,6
H0,2001,2001,2001,4,0,2,Export,426,Lesotho,LSO,0,World,WLD,,,,,,,,1001,Wheat and meslin,8,Weight in kilograms,93813,,,,93813,,12469,,,6
H0,2001,2001,2001,4,0,1,Import,500,Montserrat,MSR,0,World,WLD,,,,,,,,1001,Wheat and meslin,8,Weight in kilograms,15,,,,15,,38,,,0
H0,2001,2001,2001,4,0,1,Import,504,Morocco,MAR,0,World,WLD,,,,,,,,1001,Wheat and meslin,8,Weight in kilograms,3375588352,,,,3375588352,,547750656,,,0
H0,2001,2001,2001,4,0,1,Import,598,Papua New Guinea,PNG,0,World,WLD,,,,,,,,1001,Wheat and meslin,8,Weight in kilograms,66942852,,,,66942852,,10927109,,,0
H0,2001,2001,2001,4,0,2,Export,598,Papua New Guinea,PNG,0,World,WLD,,,,,,,,1001,Wheat and meslin,8,Weight in kilograms,127017000,,,,127017000,,159997,,,0
H0,2001,2001,2001,4,0,1,Import,740,Suriname,SUR,0,World,WLD,,,,,,,,1001,Wheat and meslin,8,Weight in kilograms,19360563,,,,19360563,,3416302,,,0
H0,2001,2001,2001,4,0,1,Import,796,Turks and Caicos Isds,TCA,0,World,WLD,,,,,,,,1001,Wheat and meslin,1,No Quantity,,,,,,,32494,,,0
H0,2001,2001,2001,4,0,1,Import,818,Egypt,EGY,0,World,WLD,,,,,,,,1001,Wheat and meslin,8,Weight in kilograms,4412940452,,,,4412940452,,666667999,,,0
H0,2001,2001,2001,4,0,2,Export,818,Egypt,EGY,0,World,WLD,,,,,,,,1001,Wheat and meslin,8,Weight in kilograms,18055,,,,18055,,10841,,,0
H0,2001,2001,2001,4,0,1,Import,876,Wallis and Futuna Isds,WLF,0,World,WLD,,,,,,,,1001,Wheat and meslin,8,Weight in kilograms,104,,,,104,,444,,,0
H0,2001,2001,2001,4,0,1,Import,894,Zambia,ZMB,0,World,WLD,,,,,,,,1001,Wheat and meslin,8,Weight in kilograms,52231504,,,,52231504,,12963818,,,0
