Rk;Player;Pos;Age;Tm;G;GS;MP;FG;FGA;FG%;3P;3PA;3P%;2P;2PA;2P%;eFG%;FT;FTA;FT%;ORB;DRB;TRB;AST;STL;BLK;TOV;PF;PTS
1;Precious Achiuwa;C;22;TOR;60;25;23.2;3.4;7.9;0.434;0.6;1.6;0.361;2.9;6.3;0.452;0.471;1;1.8;0.59;2.1;4.7;6.8;1.1;0.5;0.6;1.2;2.1;8.5
2;Steven Adams;C;28;MEM;66;65;26.4;2.9;5.2;0.557;0;0;0;2.9;5.2;0.559;0.557;1.5;2.7;0.547;4.7;5.2;9.9;3.3;0.8;0.8;1.6;1.9;7.2
3;Bam Adebayo;C;24;MIA;45;45;33;7.2;13.4;0.541;0;0.1;0;7.2;13.3;0.545;0.541;4.5;6;0.751;2.4;7.9;10.3;3.5;1.5;0.8;2.8;3.2;19
4;Santi Aldama;PF;21;MEM;27;0;10.3;1.4;3.6;0.381;0.1;1.4;0.103;1.2;2.1;0.569;0.402;0.4;0.7;0.6;0.9;1.5;2.4;0.5;0.1;0.3;0.3;1;3.3
5;LaMarcus Aldridge;C;36;BRK;45;12;22.8;5.6;10.1;0.554;0.3;1;0.311;5.3;9.1;0.58;0.569;2;2.3;0.873;1.6;4;5.6;0.9;0.3;1;0.9;1.6;13.5
6;Nickeil Alexander-Walker;SG;23;TOT;58;19;23.8;4.2;11.2;0.374;1.7;5.5;0.312;2.5;5.7;0.432;0.45;1.4;1.8;0.738;0.6;2.4;3;2.5;0.7;0.3;1.5;1.6;11.4
6;Nickeil Alexander-Walker;SG;23;NOP;50;19;26.3;4.7;12.6;0.375;1.9;6.1;0.311;2.8;6.5;0.434;0.45;1.4;1.9;0.722;0.7;2.6;3.3;2.8;0.8;0.4;1.7;1.8;12.8
6;Nickeil Alexander-Walker;SG;23;UTA;8;0;7.9;0.8;2.3;0.333;0.5;1.5;0.333;0.3;0.8;0.333;0.444;1.1;1.3;0.9;0.1;1.4;1.5;0.8;0.3;0.1;0.4;0.8;3.1
7;Grayson Allen;SG;26;MIL;58;57;27.6;3.9;8.9;0.432;2.5;6.2;0.401;1.4;2.7;0.503;0.571;0.9;1.1;0.857;0.5;2.8;3.3;1.6;0.8;0.3;0.6;1.5;11.1
8;Jarrett Allen;C;23;CLE;56;56;32.3;6.6;9.7;0.677;0;0.2;0.1;6.6;9.6;0.688;0.678;2.9;4.2;0.708;3.4;7.3;10.8;1.6;0.8;1.3;1.7;1.7;16.1
9;Jose Alvarado;PG;23;NOP;41;1;14;2;4.9;0.415;0.6;2;0.301;1.4;2.9;0.496;0.478;0.6;0.9;0.686;0.4;1.2;1.6;2.5;1.2;0.1;0.7;1.5;5.2
10;Justin Anderson;SF;28;TOT;6;0;12.8;1;3.2;0.316;0.5;2.5;0.2;0.5;0.7;0.75;0.395;1;1.2;0.857;0.3;1.3;1.7;1.5;0.3;0.2;0.5;1.5;3.5
10;Justin Anderson;SF;28;CLE;3;0;15.7;1.3;2.7;0.5;0.7;2;0.333;0.7;0.7;1;0.625;1;1.3;0.75;0;2;2;2;0.3;0;0.7;1.3;4.3
10;Justin Anderson;SF;28;IND;3;0;10;0.7;3.7;0.182;0.3;3;0.111;0.3;0.7;0.5;0.227;1;1;1;0.7;0.7;1.3;1;0.3;0.3;0.3;1.7;2.7
11;Kyle Anderson;PF;28;MEM;57;8;21.4;2.9;6.7;0.435;0.5;1.6;0.311;2.4;5.2;0.473;0.471;0.9;1.5;0.6;1;4.4;5.5;2.6;1.1;0.6;1;1.5;7.2
12;Giannis Antetokounmpo;PF;27;MIL;59;59;32.9;10.2;18.6;0.547;1.1;3.7;0.3;9.1;14.8;0.61;0.578;8.3;11.6;0.721;2;9.5;11.5;5.8;1.1;1.4;3.2;3.3;29.8
13;Thanasis Antetokounmpo;SF;29;MIL;41;5;9.2;1.1;2.3;0.5;0;0.3;0.091;1.1;2;0.554;0.505;0.4;0.6;0.615;0.9;1.2;2.1;0.5;0.3;0.2;0.5;1.5;2.7
14;Carmelo Anthony;PF;37;LAL;61;3;26.6;4.7;10.6;0.443;2.3;5.9;0.386;2.4;4.7;0.514;0.55;2.1;2.5;0.829;0.9;3.2;4.2;1;0.7;0.8;0.9;2.4;13.7
15;Cole Anthony;PG;21;ORL;56;56;32.6;5.8;14.7;0.396;2.1;6.3;0.34;3.7;8.4;0.438;0.469;3.5;4.1;0.856;0.5;5.1;5.6;5.7;0.8;0.3;2.7;2.7;17.3
16;OG Anunoby;SF;24;TOR;42;42;36.7;6.6;15.1;0.436;2.4;6.8;0.351;4.2;8.3;0.506;0.515;1.9;2.5;0.748;1.6;3.9;5.5;2.6;1.5;0.6;1.8;3;17.5
17;Ryan Arcidiacono;PG;27;NYK;5;0;3.2;0.4;0.6;0.667;0.4;0.4;1;0;0.2;0;1;0;0;0;0;0.2;0.2;0;0;0;0;0;1.2
18;Trevor Ariza;SF;36;LAL;22;10;18.9;1.3;3.7;0.341;0.9;3;0.303;0.4;0.7;0.5;0.463;0.4;0.7;0.533;0.3;3;3.2;1;0.5;0.2;0.5;0.9;3.8
19;D.J. Augustin;PG;34;TOT;42;2;15.1;1.6;4;0.413;1.1;2.8;0.407;0.5;1.2;0.429;0.557;0.8;0.9;0.872;0.2;1;1.3;2.1;0.3;0;1.1;0.5;5.2
19;D.J. Augustin;PG;34;HOU;34;2;15;1.6;4;0.404;1.1;2.8;0.406;0.5;1.2;0.4;0.548;1;1.1;0.868;0.2;1;1.2;2.2;0.3;0;1.3;0.5;5.4
19;D.J. Augustin;PG;34;LAL;8;0;15.8;1.8;3.9;0.452;1.1;2.8;0.409;0.6;1.1;0.556;0.597;0.1;0.1;1;0.3;1.3;1.5;1.9;0.5;0;0.4;0.5;4.8
20;Deni Avdija;SF;21;WAS;68;6;23.3;2.8;6.3;0.437;0.9;2.7;0.312;1.9;3.6;0.533;0.505;1.2;1.6;0.761;0.6;4.4;5;1.7;0.8;0.5;0.9;2.3;7.6
21;Joel Ayayi;SG;21;WAS;7;0;2.9;0.1;0.9;0.167;0;0.1;0;0.1;0.7;0.2;0.167;0;0;0;0.1;0.3;0.4;0.6;0;0;0;0;0.3
22;Deandre Ayton;C;23;PHO;49;49;29.4;7.6;11.8;0.643;0.1;0.3;0.333;7.5;11.5;0.651;0.647;1.8;2.4;0.731;2.5;7.4;9.9;1.4;0.7;0.7;1.5;2.3;17
23;Udoka Azubuike;C;22;UTA;17;6;11.5;2.2;2.9;0.755;0;0;0;2.2;2.9;0.755;0.755;0.4;0.6;0.545;1.1;3.1;4.2;0;0.1;0.6;0.7;1.5;4.7
24;Marvin Bagley III;PF;22;TOT;40;20;23.2;4.5;9.1;0.492;0.5;2;0.225;4;7.1;0.567;0.517;1.1;1.7;0.652;2.3;4.9;7.2;0.7;0.4;0.4;0.8;1.9;10.5
24;Marvin Bagley III;PF;22;SAC;30;17;21.9;3.8;8.2;0.463;0.5;2.1;0.242;3.3;6.1;0.538;0.494;1.2;1.6;0.745;2.2;4.9;7.2;0.6;0.3;0.4;0.7;1.7;9.3
24;Marvin Bagley III;PF;22;DET;10;3;27;6.4;11.6;0.552;0.3;1.8;0.167;6.1;9.8;0.622;0.565;1;2.2;0.455;2.5;4.6;7.1;1;0.7;0.4;1.1;2.4;14.1
25;LaMelo Ball;PG;20;CHO;63;63;32.1;7;16.6;0.42;2.7;7.2;0.371;4.3;9.4;0.459;0.501;3;3.5;0.869;1.5;5.3;6.9;7.4;1.5;0.4;3.2;3.2;19.7
26;Lonzo Ball;PG;24;CHI;35;35;34.6;4.6;10.9;0.423;3.1;7.4;0.423;1.5;3.5;0.423;0.567;0.6;0.8;0.75;1;4.4;5.4;5.1;1.8;0.9;2.3;2.4;13
27;Mo Bamba;C;23;ORL;59;57;25.9;4.1;8.5;0.478;1.4;3.7;0.362;2.7;4.8;0.569;0.558;0.8;1;0.828;2.1;5.8;7.9;1.1;0.6;1.7;1.1;2.6;10.3
28;Desmond Bane;SF;23;MEM;66;66;30;6.6;14.5;0.454;2.9;7;0.418;3.7;7.6;0.487;0.554;1.8;2;0.893;0.6;3.9;4.5;2.6;1.1;0.4;1.5;2.6;17.9
29;Dalano Banton;SF;22;TOR;58;1;11.5;1.4;3.4;0.403;0.2;0.9;0.26;1.1;2.5;0.452;0.436;0.4;0.7;0.615;0.6;1.4;2;1.6;0.5;0.2;0.9;1.1;3.4
30;Cat Barber;PG;27;ATL;3;0;4.3;0;1.3;0;0;0;0;0;1.3;0;0;0;1.3;0;0.3;0.7;1;1;0;0;0.3;0.3;0
31;Harrison Barnes;PF;29;SAC;66;66;33.9;5.2;10.9;0.473;1.9;4.7;0.414;3.2;6.2;0.517;0.562;4.8;5.7;0.833;1.1;4.7;5.8;2.5;0.7;0.2;1.6;1.3;17
32;Scottie Barnes;PF;20;TOR;61;61;35.6;6.2;12.6;0.49;0.8;2.5;0.316;5.4;10;0.533;0.521;2.1;2.9;0.732;2.6;5;7.6;3.3;1.2;0.8;1.9;2.6;15.3
33;RJ Barrett;SF;21;NYK;58;58;34.1;6.8;16.5;0.415;2;5.7;0.351;4.8;10.8;0.449;0.476;3.8;5.4;0.711;0.8;4.9;5.7;2.9;0.6;0.3;2.1;2.1;19.5
34;Will Barton;SG;31;DEN;60;60;31.7;5.6;12.7;0.439;2.2;6;0.357;3.4;6.7;0.514;0.524;1.5;1.9;0.795;0.6;4.2;4.8;3.8;0.8;0.5;1.8;1.6;14.8
35;Paris Bass;SF;26;PHO;2;0;3.5;1;3;0.333;0;1;0;1;2;0.5;0.333;1;1;1;1;1;2;0;0.5;0;1;1;3
36;Charles Bassey;PF;21;PHI;23;0;7.3;1.3;2;0.638;0;0.2;0;1.3;1.9;0.698;0.638;0.4;0.5;0.75;1;1.7;2.7;0.3;0.2;0.7;0.3;1.4;3
37;Keita Bates-Diop;SF;26;SAS;51;13;16.1;2.2;4.2;0.509;0.3;1;0.347;1.8;3.3;0.557;0.549;0.7;0.9;0.708;1;2.9;3.9;0.7;0.5;0.3;0.7;1.1;5.3
38;Nicolas Batum;PF;33;LAC;51;46;25.1;3.1;6.8;0.454;1.9;4.8;0.391;1.2;2;0.602;0.591;0.4;0.6;0.625;0.5;3.9;4.4;1.7;1;0.7;0.6;1.3;8.4
39;Kent Bazemore;SF;32;LAL;37;14;14;1.2;3.6;0.336;0.8;2.1;0.382;0.4;1.6;0.276;0.444;0.4;0.5;0.765;0.4;1.4;1.8;0.9;0.6;0.2;0.5;1.7;3.6
40;Darius Bazley;PF;21;OKC;64;48;27.9;3.9;9.3;0.419;1.2;3.8;0.302;2.8;5.5;0.501;0.482;1.5;2.3;0.688;1.1;5.5;6.5;1.4;0.9;1.1;1.4;0.9;10.5
41;Bradley Beal;SG;28;WAS;40;40;36;8.7;19.3;0.451;1.6;5.3;0.3;7.1;14;0.508;0.492;4.2;5.1;0.833;1;3.8;4.7;6.6;0.9;0.4;3.4;2.4;23.2
42;Malik Beasley;SG;25;MIN;70;14;25.2;4.3;11.1;0.39;3.1;8.3;0.375;1.2;2.8;0.434;0.53;0.5;0.7;0.771;0.3;2.6;2.9;1.4;0.5;0.1;0.6;1.2;12.3
43;Jordan Bell;C;27;CHI;1;0;2;0;0;0;0;0;0;0;0;0;0;0;0;0;1;0;1;0;1;0;0;2;0
44;DeAndre' Bembry;SF;27;TOT;56;20;18.3;2.2;3.9;0.561;0.3;0.6;0.417;1.9;3.3;0.589;0.595;0.4;0.6;0.6;0.8;2.2;2.9;1.2;0.9;0.4;0.6;2;5.1
44;DeAndre' Bembry;SF;27;BRK;48;20;19.8;2.5;4.4;0.568;0.3;0.8;0.417;2.2;3.7;0.599;0.603;0.4;0.7;0.6;0.8;2.4;3.2;1.3;1;0.5;0.6;2.2;5.8
44;DeAndre' Bembry;SF;27;MIL;8;0;9.6;0.4;1;0.375;0;0;0;0.4;1;0.375;0.375;0;0;0;0.5;0.9;1.4;0.8;0.3;0;0.1;1.1;0.8
45;D?vis Bert?ns;PF;29;TOT;46;0;14.6;1.7;5.1;0.339;1.3;4.3;0.312;0.4;0.8;0.486;0.47;0.7;0.8;0.889;0.2;1.8;2;0.5;0.3;0.2;0.3;1.5;5.5
45;D?vis Bert?ns;PF;29;WAS;34;0;14.7;1.8;5;0.351;1.4;4.2;0.319;0.4;0.8;0.519;0.485;0.8;0.9;0.933;0.2;1.6;1.8;0.5;0.3;0.2;0.4;1.6;5.7
45;D?vis Bert?ns;PF;29;DAL;12;0;14.1;1.7;5.4;0.308;1.3;4.6;0.291;0.3;0.8;0.4;0.431;0.3;0.5;0.667;0.2;2.3;2.4;0.5;0.3;0.3;0.1;1.3;5
46;Patrick Beverley;PG;33;MIN;49;45;25.8;3.2;7.7;0.413;1.6;4.4;0.355;1.6;3.3;0.488;0.513;1.6;2.1;0.731;1.1;3.2;4.3;4.8;1.1;0.9;1.3;3.1;9.5
47;Saddiq Bey;SF;22;DET;69;69;33.8;5.4;13.8;0.392;2.5;7.4;0.341;2.9;6.4;0.45;0.483;2.5;3;0.824;1.4;4.3;5.7;2.9;0.8;0.2;1.3;1.6;15.8
48;Khem Birch;C;29;TOR;43;18;18.4;1.8;3.7;0.481;0;0.2;0;1.8;3.5;0.507;0.481;1.1;1.5;0.754;2.3;2.2;4.5;1;0.6;0.5;0.5;1.9;4.7
49;Goga Bitadze;C;22;IND;42;8;12.3;2.1;4.3;0.486;0.4;1.4;0.25;1.7;2.8;0.605;0.528;1;1.5;0.631;1.4;1.8;3.2;0.9;0.3;0.7;0.8;1.9;5.5
50;Bismack Biyombo;C;29;PHO;26;3;14.3;2.5;4;0.61;0;0;0;2.5;4;0.61;0.61;1.2;2.2;0.544;1.9;2.9;4.8;0.7;0.4;0.8;0.8;2;6.1
51;Nemanja Bjelica;C;33;GSW;61;0;15.6;2.2;4.8;0.454;0.7;2.1;0.338;1.5;2.7;0.546;0.529;0.8;1.1;0.691;0.8;3.1;3.9;2;0.6;0.3;1.1;1.7;5.9
52;Eric Bledsoe;PG;32;LAC;54;29;25.2;3.6;8.7;0.421;0.9;3;0.313;2.7;5.6;0.479;0.475;1.6;2.2;0.761;0.5;2.9;3.4;4.2;1.3;0.4;2.1;1.6;9.9
53;Keljin Blevins;SF;26;POR;19;1;8.5;0.9;2.4;0.391;0.5;1.6;0.333;0.4;0.8;0.5;0.5;0.2;0.3;0.5;0.3;0.5;0.8;0.6;0.1;0.1;0.4;0.5;2.6
54;Bogdan Bogdanovi?;SG;29;ATL;51;27;29.5;5.1;12;0.423;2.5;7.1;0.347;2.6;5;0.531;0.525;1.3;1.5;0.844;0.4;3.6;4;3.2;1;0.3;1.1;2;13.9
55;Bojan Bogdanovi?;PF;32;UTA;64;64;30.9;6.2;13.4;0.458;2.7;6.8;0.392;3.5;6.7;0.526;0.557;3.1;3.6;0.87;0.9;3.4;4.3;1.7;0.4;0;1.7;1.6;18.1
56;Bol Bol;PF;22;DEN;14;0;5.8;1.1;1.9;0.556;0.1;0.3;0.25;1;1.6;0.609;0.574;0.1;0.4;0.4;0.3;1.1;1.4;0.4;0.1;0.1;0.3;0.3;2.4
57;Leandro Bolmaro;SF;21;MIN;29;2;7.2;0.4;1.4;0.293;0.1;0.6;0.235;0.3;0.8;0.333;0.341;0.3;0.3;0.889;0.5;0.8;1.3;0.5;0.2;0;0.4;0.8;1.2
58;Isaac Bonga;SF;22;TOR;15;0;4.6;0.2;0.9;0.231;0.1;0.3;0.25;0.1;0.6;0.222;0.269;0.3;0.5;0.625;0.3;0.2;0.5;0.3;0.5;0.1;0.1;0.7;0.8
59;Devin Booker;SG;25;PHO;59;59;34.3;9.5;20.7;0.456;2.7;7.3;0.376;6.7;13.5;0.499;0.522;4.2;4.8;0.866;0.7;4.4;5.1;4.9;1.2;0.4;2.4;2.5;25.8
60;Brandon Boston Jr.;SG;20;LAC;49;0;14.4;2.3;6.2;0.373;0.7;2.2;0.312;1.6;4;0.406;0.428;1.2;1.4;0.838;0.3;1.8;2.1;0.9;0.5;0.2;0.6;0.9;6.5
61;Chris Boucher;PF;29;TOR;67;9;20.4;3.2;6.8;0.476;0.8;2.7;0.287;2.4;4.1;0.601;0.533;1.9;2.4;0.77;2.1;3.8;6;0.3;0.6;1;0.5;2.2;9.1
62;James Bouknight;SG;21;CHO;28;0;10.6;1.7;4.9;0.353;0.6;1.8;0.347;1.1;3.1;0.356;0.415;1;1.1;0.871;0.8;1;1.7;0.8;0.3;0;0.5;1;5
63;Avery Bradley;SG;31;LAL;55;42;22.9;2.4;5.9;0.412;1.3;3.5;0.38;1.1;2.4;0.458;0.525;0.3;0.3;0.875;0.5;1.7;2.3;0.8;0.9;0.2;0.6;1.9;6.4
64;Tony Bradley;C;24;CHI;48;7;10.7;1.3;2.3;0.587;0;0;0;1.3;2.3;0.587;0.587;0.3;0.4;0.667;1.2;2.3;3.6;0.5;0.2;0.7;0.6;1.2;3
65;Ignas Brazdeikis;SF;23;ORL;32;0;9.3;1.2;3;0.402;0.4;1.3;0.302;0.8;1.7;0.481;0.469;0.4;0.5;0.765;0.4;0.9;1.3;0.8;0.3;0.1;0.3;1;3.3
66;Mikal Bridges;SF;25;PHO;70;70;35.1;5.5;10.4;0.531;1.4;3.9;0.373;4.1;6.6;0.624;0.6;1.5;1.7;0.844;1;3.3;4.3;2.3;1.2;0.4;0.8;1.9;14
67;Miles Bridges;PF;23;CHO;68;68;36;7.4;15.3;0.485;1.9;5.8;0.32;5.5;9.4;0.588;0.546;3.3;4.1;0.805;1.1;5.9;7;3.8;1;0.9;1.9;2.5;20
68;Oshae Brissett;SF;23;IND;57;15;21.7;2.6;6.6;0.398;1;3.1;0.337;1.6;3.6;0.451;0.476;1.4;2.1;0.664;1.5;3.4;5;0.8;0.6;0.5;0.7;1.6;7.8
69;Malcolm Brogdon;PG;29;IND;35;35;33.5;6.6;15;0.443;1.6;5.1;0.311;5;9.8;0.512;0.496;4.1;4.7;0.855;0.9;4.3;5.2;5.9;0.9;0.4;2.1;2;18.9
70;Armoni Brooks;SG-PG;23;TOT;46;9;15.9;1.9;5.7;0.338;1.4;4.8;0.293;0.5;0.8;0.605;0.463;0.3;0.4;0.842;0.3;1.5;1.9;1.1;0.5;0.2;0.5;1.3;5.6
70;Armoni Brooks;SG;23;HOU;41;8;16.8;2.1;6.1;0.347;1.6;5.2;0.3;0.6;0.9;0.605;0.474;0.4;0.5;0.842;0.3;1.7;2;1.2;0.5;0.2;0.6;1.5;6.2
70;Armoni Brooks;PG;23;TOR;5;1;8.4;0.2;1.8;0.111;0.2;1.8;0.111;0;0;0;0.167;0;0;0;0.6;0.4;1;0.6;0.4;0.2;0;0.4;0.6
71;Dillon Brooks;SF;26;MEM;23;22;27.7;6.7;15.9;0.421;1.5;4.7;0.312;5.2;11.2;0.467;0.467;3;3.5;0.875;0.8;2.3;3.1;2.8;1.3;0.2;1.7;3.3;17.9
72;Bruce Brown;SF;25;BRK;61;34;23.2;3.2;6.5;0.491;0.4;1.1;0.353;2.8;5.4;0.52;0.521;1.1;1.4;0.75;1.4;3.3;4.6;1.8;1.1;0.5;0.7;2.4;7.9
73;Charlie Brown Jr.;SG;24;TOT;19;2;9.1;0.5;2.1;0.256;0.1;0.6;0.083;0.5;1.4;0.333;0.269;0.5;0.5;0.9;0.7;0.9;1.7;0.3;0.5;0.2;0.3;0.9;1.6
73;Charlie Brown Jr.;SG;24;DAL;3;0;5;0.3;1.7;0.2;0;1;0;0.3;0.7;0.5;0.2;0;0;0;0;0.3;0.3;0.3;0.7;0.3;0;0.7;0.7
73;Charlie Brown Jr.;SG;24;PHI;16;2;9.8;0.6;2.1;0.265;0.1;0.6;0.111;0.5;1.6;0.32;0.279;0.6;0.6;0.9;0.9;1.1;1.9;0.3;0.5;0.2;0.3;1;1.8
74;Chaundee Brown Jr.;SG-SF;23;TOT;5;2;20.8;2;6.4;0.313;1.2;3.6;0.333;0.8;2.8;0.286;0.406;1;1.2;0.833;0.2;3;3.2;0.8;0.4;0;0.2;1.4;6.2
74;Chaundee Brown Jr.;SF;23;LAL;2;0;10.5;0.5;3.5;0.143;0;1.5;0;0.5;2;0.25;0.143;0;0;0;0;1;1;0;0;0;0.5;0;1
74;Chaundee Brown Jr.;SG;23;ATL;3;2;27.7;3;8.3;0.36;2;5;0.4;1;3.3;0.3;0.48;1.7;2;0.833;0.3;4.3;4.7;1.3;0.7;0;0;2.3;9.7
75;Greg Brown III;SF;20;POR;36;0;10.4;1.3;3.3;0.407;0.2;0.9;0.219;1.1;2.4;0.477;0.436;0.8;1.3;0.622;0.6;1.6;2.3;0.4;0.5;0.4;0.5;1.5;3.6
76;Jaylen Brown;SF;25;BOS;55;55;33.8;8.4;18.4;0.457;2.5;7.3;0.338;5.9;11.1;0.535;0.524;3.7;4.8;0.761;0.8;5.3;6.2;3.4;1;0.3;2.8;2.4;22.9
77;Moses Brown;C;22;TOT;28;1;6.5;1.1;2;0.561;0;0;0;1.1;2;0.561;0.561;1;1.5;0.628;0.6;1.7;2.3;0;0.2;0.4;0.5;1.1;3.3
77;Moses Brown;C;22;DAL;26;1;6.5;1;1.9;0.54;0;0;0;1;1.9;0.54;0.54;1;1.7;0.628;0.6;1.7;2.3;0;0.1;0.3;0.5;1.1;3.1
77;Moses Brown;C;22;CLE;2;0;7;2.5;3.5;0.714;0;0;0;2.5;3.5;0.714;0.714;0;0;0;0;1;1;0;1;0.5;0;2;5
78;Sterling Brown;SG;26;DAL;45;3;12.8;1.2;3.2;0.385;0.6;1.9;0.318;0.6;1.3;0.483;0.479;0.2;0.2;0.909;0.5;2.5;3;0.7;0.3;0.2;0.5;1.1;3.3
79;Troy Brown Jr.;SF;22;CHI;57;6;16.8;1.6;4;0.412;0.7;2;0.348;0.9;2;0.478;0.5;0.3;0.4;0.76;0.6;2.5;3.2;1;0.5;0.1;0.4;1;4.3
80;Jalen Brunson;PG;25;DAL;66;48;32.2;6.4;12.8;0.501;1.2;3.1;0.38;5.2;9.7;0.539;0.547;2;2.5;0.822;0.5;3.2;3.8;5.2;0.9;0;1.7;2;16
81;Thomas Bryant;C;24;WAS;22;9;17.5;3.3;6.2;0.529;0.5;1.7;0.263;2.8;4.5;0.633;0.566;1.4;1.6;0.861;1.2;2.8;4;1;0.3;0.8;0.8;1.7;8.4
82;Shaq Buchanan;PG;25;MEM;2;0;5;0.5;2;0.25;0;1;0;0.5;1;0.5;0.25;0;0;0;0.5;0.5;1;1;0.5;0;1;0.5;1
83;Reggie Bullock;SF;30;DAL;57;26;26.8;2.8;7.2;0.395;1.9;5.5;0.345;0.9;1.6;0.565;0.528;0.6;0.8;0.818;0.4;3;3.4;1.1;0.6;0.2;0.6;1.5;8.2
84;Trey Burke;PG;29;DAL;36;0;10.8;2.2;5.3;0.416;0.7;2.1;0.324;1.5;3.2;0.474;0.479;0.6;0.6;0.87;0.1;0.7;0.8;1.4;0.3;0;0.6;0.9;5.6
85;Alec Burks;SG;30;NYK;68;31;27.6;3.3;8.7;0.378;1.7;4.5;0.384;1.6;4.2;0.372;0.478;2.6;3.2;0.821;0.6;4.2;4.8;2.8;1;0.3;1;2.5;11
86;Jared Butler;SG;21;UTA;33;1;7.5;1.2;3.2;0.394;0.6;1.7;0.345;0.7;1.5;0.449;0.486;0.2;0.4;0.583;0.1;0.7;0.8;1.2;0.3;0.2;0.8;1;3.3
87;Jimmy Butler;SF;32;MIA;48;48;33.6;6.9;14.7;0.468;0.4;1.9;0.191;6.5;12.8;0.508;0.48;7;8.1;0.871;1.9;4.2;6;5.6;1.8;0.5;2.1;1.5;21.1
88;Devontae Cacok;PF;25;SAS;11;0;8.4;1.6;2.4;0.692;0;0;0;1.6;2.4;0.692;0.692;0.4;0.6;0.571;0.6;2.6;3.3;0.5;0.6;0.6;0.2;1.1;3.6
89;Kentavious Caldwell-Pope;SG;28;WAS;65;65;30;4.4;10.4;0.419;2.1;5.3;0.392;2.3;5.1;0.446;0.518;1.7;1.9;0.897;0.5;2.8;3.3;1.9;1.1;0.3;1.2;1.7;12.5
90;Facundo Campazzo;PG;30;DEN;62;4;18.8;1.7;4.7;0.366;0.9;3;0.303;0.8;1.6;0.48;0.464;1;1.3;0.769;0.4;1.5;1.9;3.5;1;0.4;1;2;5.3
91;Vlatko ?an?ar;PF;24;DEN;14;1;10.9;1.6;2.8;0.564;0.5;0.9;0.583;1.1;1.9;0.556;0.654;0.6;0.9;0.75;0.4;1.2;1.6;0.9;0.1;0.2;0.6;0.9;4.3
92;Clint Capela;C;27;ATL;61;60;27.8;4.8;8.1;0.596;0;0;0;4.8;8.1;0.598;0.596;1.1;2.3;0.472;3.8;8.2;12;1.3;0.7;1.3;0.6;2.3;10.7
93;Vernon Carey Jr.;C;20;TOT;5;1;3.6;0.6;1.2;0.5;0;0;0;0.6;1.2;0.5;0.5;0.4;0.6;0.667;0.6;0.4;1;0;0.2;0;0.2;0.2;1.6
93;Vernon Carey Jr.;C;20;CHO;4;1;4.3;0.8;1.5;0.5;0;0;0;0.8;1.5;0.5;0.5;0.5;0.8;0.667;0.8;0.5;1.3;0;0.3;0;0.3;0.3;2
93;Vernon Carey Jr.;C;20;WAS;1;0;1;0;0;0;0;0;0;0;0;0;0;0;0;0;0;0;0;0;0;0;0;0;0
94;Jevon Carter;PG;26;TOT;56;1;13.1;1.3;3.7;0.354;1;2.7;0.373;0.3;1;0.304;0.49;0.2;0.3;0.813;0.2;1.3;1.5;1.1;0.3;0.2;0.5;1;3.9
94;Jevon Carter;PG;26;BRK;46;1;12;1.3;3.8;0.333;0.9;2.8;0.331;0.3;1;0.34;0.454;0.2;0.2;0.7;0.2;1.3;1.5;1;0.3;0.2;0.6;1;3.6
94;Jevon Carter;PG;26;MIL;10;0;17.9;1.6;3.5;0.457;1.5;2.6;0.577;0.1;0.9;0.111;0.671;0.6;0.6;1;0.4;1.5;1.9;1.7;0.3;0.3;0.2;1.2;5.3
95;Wendell Carter Jr.;C;22;ORL;59;58;29.8;5.6;10.9;0.518;1.1;3.4;0.33;4.5;7.5;0.605;0.57;2.3;3.2;0.709;2.2;8.1;10.4;2.8;0.6;0.7;1.8;2.7;14.7
96;Alex Caruso;SG;27;CHI;31;9;27.6;2.7;6.5;0.421;1;3.1;0.337;1.7;3.5;0.495;0.5;1.6;2;0.81;0.8;2.8;3.6;3.7;1.9;0.5;1.5;2.5;8.2
97;Willie Cauley-Stein;C;28;TOT;20;2;9.2;0.8;1.8;0.457;0.1;0.1;0.5;0.8;1.7;0.455;0.471;0.1;0.1;0.5;0.7;1.4;2;0.5;0.3;0.2;0.4;1;1.7
97;Willie Cauley-Stein;C;28;DAL;18;2;9.8;0.9;1.9;0.457;0.1;0.1;0.5;0.8;1.8;0.455;0.471;0.1;0.1;0.5;0.7;1.4;2.1;0.5;0.3;0.2;0.4;0.9;1.9
97;Willie Cauley-Stein;C;28;PHI;2;0;3;0;0;0;0;0;0;0;0;0;0;0;0;0;0;1;1;0.5;0;0;0;1;0
98;Ahmad Caver;PG;25;IND;1;0;1;1;1;1;0;0;0;1;1;1;1;0;0;0;0;0;0;0;0;0;0;0;2
99;Justin Champagnie;SF;20;TOR;35;0;7.8;0.9;1.9;0.462;0.3;0.7;0.346;0.6;1.1;0.538;0.531;0.3;0.3;1;1.1;0.9;2;0.3;0.2;0.1;0.2;0.9;2.2
100;Zylan Cheatham;SF;26;UTA;1;0;5;0;3;0;0;2;0;0;1;0;0;0;0;0;0;0;0;0;0;0;0;0;0
101;Chris Chiozza;PG;26;GSW;30;1;10.7;0.7;2.4;0.306;0.5;1.5;0.348;0.2;0.9;0.231;0.417;0;0;1;0.3;0.8;1.1;1.9;0.3;0;0.8;0.9;2
102;Marquese Chriss;PF;24;DAL;23;0;11.1;2.1;4.4;0.475;0.3;0.9;0.333;1.8;3.5;0.513;0.51;0.5;0.8;0.632;1;2.5;3.5;0.5;0.5;0.4;0.7;2.1;5
103;Josh Christopher;SG;20;HOU;61;2;17.2;2.9;6.5;0.446;0.8;2.5;0.305;2.1;4;0.535;0.505;1;1.2;0.763;0.7;1.7;2.3;1.8;0.8;0.1;1.4;1.1;7.5
104;Gary Clark;PF;27;NOP;32;1;10;0.8;2.3;0.356;0.7;1.9;0.377;0.1;0.4;0.25;0.514;0.2;0.3;0.75;0.5;2;2.5;0.4;0.3;0.2;0.2;0.5;2.5
105;Brandon Clarke;PF;25;MEM;55;1;19.4;4.5;6.9;0.653;0.1;0.4;0.2;4.4;6.5;0.678;0.658;1.4;2.1;0.658;2.1;3.4;5.5;1.3;0.6;1.1;0.5;1.9;10.4
106;Jordan Clarkson;SG;29;UTA;66;1;26.4;5.8;14;0.417;2.4;7.7;0.318;3.4;6.3;0.537;0.504;1.8;2.2;0.845;0.8;2.5;3.3;2.2;0.8;0.2;1.6;2;16
107;Nic Claxton;C;22;BRK;35;18;20.4;3.7;5.8;0.644;0;0;0;3.7;5.8;0.644;0.644;1.2;2;0.577;2;3.4;5.4;0.9;0.5;1.1;0.7;2.1;8.6
108;Amir Coffey;SG;24;LAC;59;25;23.4;3;6.8;0.441;1.4;3.7;0.362;1.6;3;0.539;0.541;1.5;1.7;0.864;0.4;2.4;2.8;1.8;0.6;0.2;0.7;1.4;8.8
109;John Collins;PF;24;ATL;54;53;30.8;6.3;11.9;0.526;1.2;3.3;0.364;5.1;8.7;0.588;0.576;2.5;3.1;0.793;1.7;6.1;7.8;1.8;0.6;1;1.1;3;16.2
110;Zach Collins;PF;24;SAS;16;2;16.1;2.1;4.4;0.479;0.6;1.3;0.429;1.6;3.1;0.5;0.542;1.2;1.4;0.826;1.8;3.1;4.9;1.8;0.4;0.8;1.5;2.4;6
111;Darren Collison;PG;34;LAL;3;0;12.3;0.7;2.3;0.286;0;1;0;0.7;1.3;0.5;0.286;0;0;0;0;1.3;1.3;0.7;0.3;0;0.3;1.7;1.3
112;Mike Conley;PG;34;UTA;61;61;28.2;4.6;10.8;0.427;2.3;5.7;0.407;2.3;5.1;0.449;0.534;1.9;2.3;0.83;0.6;2.4;3;5.3;1.3;0.3;1.7;1.9;13.5
113;Pat Connaughton;SG;29;MIL;54;18;27;3.6;7.7;0.467;2.3;5.7;0.407;1.3;2;0.639;0.618;0.6;0.7;0.811;0.7;3.7;4.4;1.2;0.9;0.3;0.6;1.4;10.1
114;Tyler Cook;PF;24;CHI;19;2;10.3;1.2;1.9;0.611;0;0;0;1.2;1.9;0.611;0.611;1.1;1.6;0.645;0.8;1.9;2.7;0.2;0.2;0.2;0.4;1.4;3.4
115;Sharife Cooper;PG;20;ATL;11;0;3.2;0.3;1.3;0.214;0.1;0.5;0.167;0.2;0.7;0.25;0.25;0;0;0;0;0.5;0.5;0.5;0;0;0.5;0.1;0.6
116;Petr Cornelie;PF;26;DEN;13;0;2.9;0.4;1.2;0.333;0.1;0.6;0.125;0.3;0.5;0.571;0.367;0.2;0.3;0.75;0.5;0.5;1.1;0.2;0.1;0.1;0.3;0.5;1.1
117;DeMarcus Cousins;C;31;TOT;36;6;15.6;3.1;7;0.442;0.8;2.6;0.301;2.3;4.4;0.525;0.498;2.1;2.8;0.75;1.5;4.4;5.9;1.5;0.9;0.5;1.7;3;9
117;DeMarcus Cousins;C;31;MIL;17;5;16.9;3.2;6.9;0.466;0.8;2.8;0.271;2.5;4.1;0.6;0.521;1.8;2.2;0.816;1.4;4.4;5.8;1.1;0.9;0.5;0.9;2.7;9.1
117;DeMarcus Cousins;C;31;DEN;19;1;14.5;2.9;7;0.421;0.8;2.4;0.333;2.2;4.6;0.466;0.477;2.3;3.3;0.71;1.5;4.5;6;1.8;0.9;0.5;2.4;3.3;9
118;Robert Covington;PF-SF;31;TOT;61;40;27.9;2.7;6.8;0.397;1.6;4.6;0.345;1.1;2.3;0.5;0.512;0.7;0.9;0.83;0.9;4.7;5.6;1.3;1.5;1.3;1.1;2.7;7.7
118;Robert Covington;PF;31;POR;48;40;29.8;2.7;7;0.381;1.6;4.8;0.343;1;2.2;0.462;0.499;0.6;0.8;0.833;0.9;4.9;5.7;1.4;1.5;1.3;1.2;2.8;7.6
118;Robert Covington;SF;31;LAC;13;0;20.8;2.8;6.2;0.463;1.3;3.7;0.354;1.5;2.5;0.625;0.569;1.1;1.3;0.824;1;4.2;5.2;1;1.4;1.2;0.8;2.4;8.1
119;Torrey Craig;SF;31;TOT;66;15;20.3;2.5;5.6;0.447;0.9;2.9;0.316;1.6;2.7;0.587;0.528;0.6;0.8;0.74;1.1;2.9;4;1.2;0.5;0.5;0.8;1.8;6.5
119;Torrey Craig;SF;31;IND;51;14;20.3;2.5;5.5;0.456;0.9;2.7;0.333;1.6;2.8;0.573;0.537;0.5;0.7;0.771;1.2;2.7;3.8;1.1;0.5;0.4;0.8;1.9;6.5
119;Torrey Craig;SF;31;PHO;15;1;20.5;2.5;5.9;0.42;0.9;3.5;0.269;1.5;2.4;0.639;0.5;0.7;1;0.667;0.9;3.8;4.7;1.3;0.6;0.9;1.1;1.8;6.5
120;Jae Crowder;PF;31;PHO;59;59;28.3;3.3;8.2;0.406;1.9;5.4;0.346;1.5;2.8;0.521;0.52;1.1;1.4;0.798;0.5;4.8;5.3;1.8;1.4;0.4;0.8;2.5;9.6
121;Jarrett Culver;SG;22;MEM;30;0;8.9;1.4;3.5;0.396;0.3;1.2;0.27;1.1;2.3;0.464;0.443;0.4;0.8;0.48;0.4;1;1.3;1;0.6;0.1;0.5;1.1;3.5
122;Jarron Cumberland;SG;24;POR;3;0;4;0.3;0.7;0.5;0;0.3;0;0.3;0.3;1;0.5;0;0;0;0.3;0.7;1;0.3;0;0;0;0.7;0.7
123;Cade Cunningham;PG;20;DET;54;54;32.5;6.5;16;0.405;1.9;6;0.321;4.6;10;0.456;0.465;2.1;2.4;0.854;0.9;4.9;5.9;5.3;1.1;0.6;3.5;3.1;16.9
124;Seth Curry;SG;31;TOT;56;56;34.1;5.8;11.9;0.485;2.4;5.8;0.412;3.4;6.1;0.554;0.585;1.3;1.5;0.869;0.3;3;3.3;3.9;0.8;0.2;1.8;2.3;15.2
124;Seth Curry;SG;31;PHI;45;45;34.8;5.7;11.7;0.485;2.2;5.6;0.4;3.5;6.2;0.561;0.58;1.4;1.6;0.877;0.4;3;3.4;4;0.8;0.2;1.9;2.2;15
124;Seth Curry;SG;31;BRK;11;11;31.3;6;12.4;0.485;3;6.6;0.452;3;5.7;0.524;0.607;0.8;1;0.818;0.2;3;3.2;3.2;1;0.2;1.6;2.5;15.8
125;Stephen Curry;PG;33;GSW;64;64;34.5;8.4;19.1;0.437;4.5;11.7;0.38;3.9;7.4;0.527;0.554;4.3;4.7;0.923;0.5;4.7;5.2;6.3;1.3;0.4;3.2;2;25.5
126;Anthony Davis;C;28;LAL;37;37;35.1;9.2;17.2;0.537;0.3;1.8;0.182;8.9;15.4;0.578;0.546;4.4;6.1;0.709;2.8;6.9;9.7;2.9;1.2;2.3;2.1;2.5;23.1
127;Ed Davis;C;32;CLE;25;3;7.4;0.4;0.6;0.688;0;0;0;0.4;0.6;0.688;0.688;0.2;0.6;0.429;0.5;1.9;2.4;0.2;0.1;0.3;0.2;1.2;1.1
128;Terence Davis;SG;24;SAC;30;11;17.9;3.8;8.9;0.423;1.6;5;0.329;2.1;3.9;0.542;0.515;1.2;1.5;0.818;0.4;2.8;3.1;1.3;0.8;0.4;1.1;2.3;10.4
129;Gabriel Deck;PF;26;OKC;7;0;8;1.1;2;0.571;0.3;0.6;0.5;0.9;1.4;0.6;0.643;0;0;0;0.1;0.7;0.9;0.7;0.1;0;0.3;0.3;2.6
130;Dewayne Dedmon;C;32;MIA;60;15;16;2.4;4.3;0.562;0.3;0.6;0.457;2.2;3.8;0.578;0.592;1.1;1.3;0.797;1.7;4.2;5.9;0.8;0.4;0.6;1;2.5;6.2
131;Sam Dekker;PF;27;TOR;1;0;1;0;0;0;0;0;0;0;0;0;0;0;0;0;0;0;0;0;0;0;0;0;0
132;Javin DeLaurier;C;23;MIL;1;0;3;0;0;0;0;0;0;0;0;0;0;0;0;0;0;1;1;0;1;0;0;1;0
133;DeMar DeRozan;PF;32;CHI;65;65;36.1;10.2;20.2;0.504;0.6;1.8;0.356;9.6;18.4;0.519;0.52;6.9;7.9;0.871;0.8;4.6;5.4;5.2;0.9;0.3;2.4;2.2;27.9
134;Mamadi Diakite;PF;25;OKC;13;3;14.5;1.9;3.6;0.532;0;0.4;0;1.9;3.2;0.595;0.532;0.5;0.8;0.545;1.3;3.2;4.5;0.2;0.4;0.7;0.5;2.5;4.3
135;Cheick Diallo;C;25;DET;3;0;10.3;1;2.7;0.375;0;0;0;1;2.7;0.375;0.375;1.7;2;0.833;1.3;2.7;4;0;0.3;0;0.3;2;3.7
136;Hamidou Diallo;SG;23;DET;58;29;21.9;4.5;9.1;0.496;0.4;1.6;0.247;4.1;7.5;0.55;0.518;1.6;2.4;0.65;1.2;3.6;4.8;1.3;1.2;0.3;1;2.5;11
137;Gorgui Dieng;C;32;ATL;40;3;8.9;1.3;2.6;0.481;0.7;1.5;0.433;0.6;1.1;0.545;0.606;0.4;0.6;0.708;0.8;2.1;2.9;0.8;0.3;0.3;0.5;1.2;3.6
138;Spencer Dinwiddie;PG;28;TOT;56;49;30.4;4.6;11.4;0.404;1.7;5.1;0.335;2.9;6.3;0.46;0.479;2.9;3.7;0.786;0.7;3.6;4.3;5.5;0.7;0.2;1.6;2.4;13.8
138;Spencer Dinwiddie;PG;28;WAS;44;44;30.2;4.2;11.2;0.376;1.6;5.1;0.31;2.6;6;0.432;0.447;2.6;3.3;0.811;0.8;3.9;4.7;5.8;0.6;0.2;1.7;2.4;12.6
138;Spencer Dinwiddie;PG;28;DAL;12;5;31;6;12;0.5;2.1;4.8;0.431;3.9;7.2;0.547;0.587;3.8;5.3;0.73;0.2;2.6;2.8;4.3;0.8;0.2;1.3;2.4;17.9
139;Donte DiVincenzo;SG;25;TOT;31;1;22.1;2.5;7.4;0.345;1.5;4.8;0.324;1;2.6;0.383;0.45;1.5;1.6;0.882;1;2.8;3.8;2.3;1;0.2;1.4;1.5;8.1
139;Donte DiVincenzo;SG;25;MIL;17;0;20.1;2.3;6.9;0.331;1.2;4.4;0.284;1.1;2.6;0.409;0.419;1.4;1.6;0.852;1.1;2.5;3.5;1.7;0.6;0.2;1.6;1.5;7.2
139;Donte DiVincenzo;SG;25;SAC;14;1;24.6;2.9;7.9;0.36;1.9;5.3;0.365;0.9;2.6;0.351;0.482;1.6;1.7;0.917;0.9;3.3;4.1;3;1.4;0.1;1.1;1.6;9.2
140;Luka Don?i?;PG;22;DAL;53;53;35.7;9.9;21.8;0.455;2.9;8.5;0.341;7;13.2;0.528;0.522;5.5;7.4;0.744;0.9;8.4;9.3;8.6;1.2;0.6;4.5;2.3;28.2
141;Luguentz Dort;SF;22;OKC;51;51;32.6;5.7;14.2;0.404;2.5;7.7;0.332;3.2;6.6;0.487;0.493;3.2;3.7;0.843;0.7;3.4;4.2;1.7;0.9;0.4;1.7;2.9;17.2
142;Ayo Dosunmu;SG;22;CHI;64;30;27;3.5;6.6;0.527;0.9;2.4;0.397;2.5;4.3;0.599;0.598;0.7;1;0.672;0.3;2.5;2.8;3.3;0.8;0.4;1.4;2.3;8.6
143;Damyean Dotson;SG;27;NYK;2;0;10.5;1;2;0.5;0;0.5;0;1;1.5;0.667;0.5;0;0;0;0;1;1;0.5;0;0;0;0;2
144;Devon Dotson;PG;22;CHI;11;0;7.7;1;2.1;0.478;0.2;0.8;0.222;0.8;1.3;0.643;0.522;0.5;0.8;0.556;0.1;0.7;0.8;1.4;0.1;0;0.5;1;2.6
145;Sekou Doumbouya;PF;21;LAL;2;0;8;2.5;4;0.625;0.5;1;0.5;2;3;0.667;0.688;1.5;2;0.75;1;2;3;0;1.5;1;1;0.5;7
146;Jeff Dowtin;PG;24;TOT;5;0;6.2;0.6;1.4;0.429;0;0.4;0;0.6;1;0.6;0.429;0;0;0;0.2;1.2;1.4;0.6;0;0.2;0.2;0.4;1.2
146;Jeff Dowtin;PG;24;GSW;4;0;7;0.8;1.5;0.5;0;0.3;0;0.8;1.3;0.6;0.5;0;0;0;0.3;1.5;1.8;0.8;0;0.3;0.3;0.5;1.5
146;Jeff Dowtin;PG;24;MIL;1;0;3;0;1;0;0;1;0;0;0;0;0;0;0;0;0;0;0;0;0;0;0;0;0
147;PJ Dozier;SG;25;DEN;18;0;18.9;2;5.5;0.364;0.8;2.7;0.313;1.2;2.8;0.412;0.439;0.6;0.7;0.769;0.8;2.7;3.5;1.6;0.6;0.3;0.7;1.8;5.4
148;Goran Dragi?;PG;35;TOT;15;6;22;2.7;7.1;0.383;0.8;2.8;0.286;1.9;4.3;0.446;0.439;1.3;1.7;0.8;0.5;2.3;2.8;3.6;0.7;0.1;1.1;2.1;7.6
148;Goran Dragi?;PG;35;TOR;5;2;18;2.6;6.8;0.382;0.8;2.8;0.286;1.8;4;0.45;0.441;2;2;1;0.4;2.4;2.8;1.8;1;0.2;0.2;1.6;8
148;Goran Dragi?;PG;35;BRK;10;4;24;2.8;7.3;0.384;0.8;2.8;0.286;2;4.5;0.444;0.438;1;1.5;0.667;0.6;2.2;2.8;4.5;0.6;0.1;1.6;2.3;7.4
149;Andre Drummond;C;28;TOT;62;25;19;3;5.4;0.563;0;0;0;3;5.3;0.568;0.563;1.1;2.1;0.504;2.9;6.1;9;1.9;1;0.9;1.6;2.5;7.1
149;Andre Drummond;C;28;PHI;49;12;18.4;2.6;4.9;0.538;0;0;0;2.6;4.8;0.542;0.538;0.9;1.7;0.512;2.8;6.1;8.8;2;1.1;0.9;1.6;2.5;6.1
149;Andre Drummond;C;28;BRK;13;13;21.4;4.5;7.2;0.628;0;0.1;0;4.5;7.2;0.634;0.628;1.8;3.8;0.49;3.2;6.4;9.6;1.7;0.6;1;1.8;2.8;10.9
150;Chris Duarte;SG;24;IND;55;39;28;4.9;11.3;0.432;1.7;4.6;0.369;3.2;6.7;0.475;0.507;1.6;2;0.804;0.7;3.4;4.1;2.1;1;0.2;1.6;1.7;13.1
151;David Duke Jr.;PG;22;BRK;21;7;16.2;1.9;5.1;0.361;0.4;1.8;0.243;1.4;3.4;0.423;0.403;0.8;1;0.81;1.4;1.8;3.2;0.8;0.7;0.3;0.4;1.7;5
152;Kris Dunn;PG;27;POR;2;0;23.5;3.5;7.5;0.467;0.5;1;0.5;3;6.5;0.462;0.5;0;0;0;0;3;3;5;1.5;0;3;4.5;7.5
153;Kevin Durant;PF;33;BRK;43;43;36.6;10.5;20.2;0.519;1.9;5.2;0.372;8.5;15;0.57;0.567;6.3;7;0.898;0.6;6.7;7.2;6;0.8;0.9;3.2;2.1;29.2
154;Jaime Echenique;C;24;WAS;1;0;3;0;0;0;0;0;0;0;0;0;0;0;0;0;0;0;0;0;0;0;0;0;0
155;Anthony Edwards;SG;20;MIN;61;61;34.3;7.5;17.4;0.431;3;8.5;0.351;4.5;9;0.507;0.516;3.1;4;0.776;0.9;3.8;4.7;3.7;1.5;0.7;2.7;2.3;21
156;Kessler Edwards;SF;21;BRK;36;20;22.2;2.4;5.9;0.411;1.1;3.1;0.355;1.4;2.9;0.471;0.502;0.3;0.4;0.8;1;2.9;3.9;0.7;0.7;0.5;1.1;1.8;6.3
157;Rob Edwards;SG;25;OKC;2;0;5.5;0.5;2;0.25;0.5;2;0.25;0;0;0;0.375;0;0;0;0;1.5;1.5;0;0;0;0.5;0;1.5
158;CJ Elleby;SF;21;POR;44;15;17.8;1.8;4.6;0.396;0.5;1.8;0.275;1.3;2.8;0.475;0.45;0.9;1.2;0.769;1;2.5;3.5;1.2;0.5;0.3;0.8;2;5
159;Wayne Ellington;SG;34;LAL;40;9;18.6;2.2;5.3;0.408;1.9;4.8;0.393;0.3;0.6;0.545;0.585;0.1;0.1;0.8;0.3;1.5;1.7;0.7;0.6;0.1;0.4;1;6.3
160;Joel Embiid;C;27;PHI;56;56;33.4;9.4;19.3;0.489;1.4;3.7;0.365;8.1;15.5;0.518;0.524;9.8;11.9;0.821;2.1;9.3;11.4;4.4;1;1.4;3;2.7;29.9
161;James Ennis III;SF;31;TOT;7;0;8;1.6;3.4;0.458;0.4;1.1;0.375;1.1;2.3;0.5;0.521;0.6;0.7;0.8;0.7;1;1.7;0.4;0.3;0.3;0.3;0.7;4.1
161;James Ennis III;SF;31;BRK;2;0;7;1;3.5;0.286;0.5;1;0.5;0.5;2.5;0.2;0.357;0;0;0;1;1.5;2.5;0;0.5;0.5;0;0;2.5
161;James Ennis III;SF;31;LAC;2;0;14;3.5;5.5;0.636;1;2;0.5;2.5;3.5;0.714;0.727;2;2;1;1;1.5;2.5;0;0.5;0.5;0.5;2;10
161;James Ennis III;SF;31;DEN;3;0;4.7;0.7;2;0.333;0;0.7;0;0.7;1.3;0.5;0.333;0;0.3;0;0.3;0.3;0.7;1;0;0;0.3;0.3;1.3
162;Drew Eubanks;C;24;TOT;58;18;14.4;2.2;3.9;0.553;0;0.2;0.1;2.2;3.8;0.573;0.555;1.2;1.6;0.756;1.5;3.2;4.7;1.1;0.3;0.6;1;1.4;5.5
162;Drew Eubanks;C;24;SAS;49;9;12.1;1.7;3.2;0.528;0;0.2;0.125;1.7;3.1;0.55;0.531;1.2;1.6;0.747;1.3;2.7;4;1;0.3;0.6;0.9;1.2;4.7
162;Drew Eubanks;C;24;POR;9;9;26.8;4.7;7.7;0.609;0;0.2;0;4.7;7.4;0.627;0.609;1;1.2;0.818;2.6;5.9;8.4;1.6;0.4;0.3;1.6;2.6;10.3
163;Tacko Fall;C;26;CLE;11;1;5.4;0.5;1.1;0.417;0;0;0;0.5;1.1;0.417;0.417;0.2;0.6;0.286;0.6;1.5;2.1;0.2;0;0.5;0.3;0.3;1.1
164;Derrick Favors;C;30;OKC;39;18;16.7;2.4;4.7;0.516;0.1;0.4;0.125;2.4;4.3;0.554;0.522;0.4;0.6;0.64;1.5;3.2;4.7;0.6;0.4;0.3;0.2;1.6;5.3
165;Bruno Fernando;C;23;TOT;25;0;4;0.8;1.3;0.625;0;0.1;0.5;0.8;1.2;0.633;0.641;0.3;0.4;0.8;0.5;0.9;1.4;0.2;0;0.2;0.3;0.6;2
165;Bruno Fernando;C;23;BOS;20;0;2.9;0.4;0.7;0.5;0.1;0.1;1;0.3;0.7;0.462;0.536;0.2;0.3;0.8;0.4;0.4;0.8;0.2;0;0.2;0.3;0.3;1
165;Bruno Fernando;C;23;HOU;5;0;8.4;2.6;3.6;0.722;0;0.2;0;2.6;3.4;0.765;0.722;0.8;1;0.8;1;2.8;3.8;0;0;0.6;0.6;1.6;6
166;Dorian Finney-Smith;PF;28;DAL;67;67;33.2;4;8.6;0.461;2;5.3;0.386;1.9;3.3;0.578;0.579;0.8;1.1;0.675;1.6;3.3;4.9;1.9;1.1;0.5;1.1;2.4;10.7
167;Malik Fitts;PF;24;TOT;10;0;4.2;0.2;1.1;0.182;0.2;0.6;0.333;0;0.5;0;0.273;0;0;0;0;1.2;1.2;0;0;0;0.2;0.3;0.6
167;Malik Fitts;PF;24;UTA;7;0;5;0.3;1.3;0.222;0.3;0.6;0.5;0;0.7;0;0.333;0;0;0;0;1.4;1.4;0;0;0;0.3;0.4;0.9
167;Malik Fitts;PF;24;BOS;3;0;2.3;0;0.7;0;0;0.7;0;0;0;0;0;0;0;0;0;0.7;0.7;0;0;0;0;0;0
168;Malachi Flynn;PG;23;TOR;40;5;12;1.7;4.1;0.407;0.7;2;0.333;1;2;0.481;0.491;0.4;0.6;0.609;0.2;1.2;1.4;1.6;0.5;0.1;0.3;1.1;4.3
169;Bryn Forbes;SG;28;TOT;67;1;17.8;3.3;7.6;0.431;1.7;4.1;0.416;1.6;3.5;0.449;0.543;1.1;1.2;0.9;0.1;1.2;1.3;1;0.3;0.1;0.8;1.3;9.3
169;Bryn Forbes;SG;28;SAS;40;1;16.9;3.2;7.4;0.432;1.6;3.8;0.417;1.6;3.6;0.448;0.539;1.1;1.2;0.898;0.1;1.5;1.6;1;0.4;0.1;0.8;1.1;9.1
169;Bryn Forbes;SG;28;DEN;27;0;19.1;3.4;7.9;0.43;1.9;4.6;0.415;1.5;3.4;0.451;0.549;1;1.1;0.903;0.1;0.8;0.9;1;0.2;0.1;0.8;1.8;9.7
170;Aleem Ford;SF;24;ORL;5;0;14.8;1.2;4;0.3;0.4;3;0.133;0.8;1;0.8;0.35;0;0;0;0.4;2.6;3;0.4;0.2;0;0.8;1.4;2.8
171;Trent Forrest;PG;23;UTA;54;5;12.6;1.2;2.5;0.504;0.1;0.4;0.208;1.1;2;0.569;0.523;0.7;0.8;0.837;0.3;1.3;1.6;1.7;0.5;0.1;0.9;0.7;3.2
172;Evan Fournier;SG;29;NYK;67;67;29.7;5.2;12.2;0.425;3;7.6;0.395;2.2;4.6;0.476;0.548;1;1.5;0.707;0.5;2.3;2.7;1.9;0.9;0.3;1.3;2.1;14.4
173;De'Aaron Fox;PG;24;SAC;59;59;35.3;8.7;18.5;0.473;1.3;4.2;0.297;7.5;14.3;0.524;0.506;4.4;5.9;0.75;0.4;3.5;3.9;5.6;1.2;0.4;2.8;2.9;23.2
174;Tim Frazier;PG;31;TOT;12;3;17.3;1.2;3.8;0.311;0.5;1.4;0.353;0.7;2.3;0.286;0.378;0.4;0.8;0.556;0.4;1.2;1.6;2.8;0.3;0.1;1.3;2.3;3.3
174;Tim Frazier;PG;31;ORL;10;3;20;1.3;4.3;0.302;0.6;1.7;0.353;0.7;2.6;0.269;0.372;0.5;0.9;0.556;0.5;1.4;1.9;3.3;0.3;0.1;1.3;2.4;3.7
174;Tim Frazier;PG;31;CLE;2;0;4;0.5;1;0.5;0;0;0;0.5;1;0.5;0.5;0;0;0;0;0;0;0.5;0;0;1;1.5;1
175;Enes Freedom;C;29;BOS;35;1;11.7;1.5;2.8;0.526;0.1;0.1;0.4;1.4;2.6;0.533;0.536;0.7;0.8;0.857;1.7;2.8;4.6;0.2;0.1;0.4;0.6;1.2;3.7
176;Markelle Fultz;PG;23;ORL;7;0;17.7;3.6;7.4;0.481;0.3;0.9;0.333;3.3;6.6;0.5;0.5;1.9;2.4;0.765;0.4;2.3;2.7;5.1;0.9;0.4;1.7;1.6;9.3
177;Wenyen Gabriel;PF;24;TOT;13;0;8.6;1;3;0.333;0.3;1.2;0.267;0.7;1.8;0.375;0.385;0.8;1.3;0.588;1.2;1.8;2.9;0.4;0.2;0.2;0.4;1.8;3.1
177;Wenyen Gabriel;PF;24;BRK;1;0;1;0;0;0;0;0;0;0;0;0;0;0;0;0;0;1;1;0;0;0;0;0;0
177;Wenyen Gabriel;PF;24;LAC;6;0;7.7;0.8;2.2;0.385;0.3;0.8;0.4;0.5;1.3;0.375;0.462;0.3;0.7;0.5;0.8;1.5;2.3;0.3;0.2;0.3;0.5;1.8;2.3
177;Wenyen Gabriel;PF;24;LAL;6;0;10.8;1.3;4.3;0.308;0.3;1.7;0.2;1;2.7;0.375;0.346;1.3;2.2;0.615;1.7;2.2;3.8;0.5;0.2;0.2;0.3;2.2;4.3
178;Daniel Gafford;C;23;WAS;59;51;20.3;3.9;5.7;0.684;0;0;0;3.9;5.7;0.684;0.684;1.4;1.9;0.714;2.3;3.5;5.8;1;0.4;1.5;0.9;2.4;9.1
179;Danilo Gallinari;PF;33;ATL;57;11;24.3;3.5;8.3;0.423;1.6;4.2;0.387;1.9;4.2;0.46;0.52;2.2;2.5;0.9;0.5;4;4.5;1.4;0.5;0.2;0.6;1.5;10.9
180;Langston Galloway;SG;30;TOT;7;0;15.3;0.9;3.7;0.231;0.3;2.3;0.125;0.6;1.4;0.4;0.269;0;0;0;0.4;2.1;2.6;1.7;0.1;0;0.9;1;2
180;Langston Galloway;SG;30;BRK;4;0;14.5;1.3;3.3;0.385;0.5;2;0.25;0.8;1.3;0.6;0.462;0;0;0;0.3;1.8;2;1.3;0;0;1.3;1.3;3
180;Langston Galloway;SG;30;MIL;3;0;16.3;0.3;4.3;0.077;0;2.7;0;0.3;1.7;0.2;0.077;0;0;0;0.7;2.7;3.3;2.3;0.3;0;0.3;0.7;0.7
181;Darius Garland;PG;22;CLE;55;55;35.2;7.9;16.8;0.468;2.6;6.8;0.377;5.3;10;0.53;0.544;2.9;3.1;0.913;0.6;2.8;3.4;8.3;1.2;0.1;3.9;1.8;21.2
182;Marcus Garrett;SG;23;MIA;12;0;10.7;0.4;1.8;0.238;0.1;0.3;0.25;0.3;1.4;0.235;0.262;0.2;0.4;0.4;0.8;1.2;1.9;0.6;0.4;0.3;0.2;1.3;1.1
183;Usman Garuba;PF;19;HOU;16;0;7;0.6;1.6;0.36;0.2;0.9;0.214;0.4;0.7;0.545;0.42;0.1;0.1;0.5;0.6;1.8;2.3;0.5;0.5;0.4;0.3;0.6;1.4
184;Luka Garza;C;23;DET;30;5;11.4;1.9;4.2;0.448;0.5;1.4;0.341;1.4;2.8;0.5;0.504;1;1.5;0.659;1.7;1.3;2.9;0.5;0.3;0.1;0.6;1.6;5.2
185;Rudy Gay;PF;35;UTA;45;1;18.8;2.7;6.9;0.395;1.3;3.8;0.335;1.5;3.1;0.468;0.487;1.3;1.6;0.784;1;3.3;4.3;1;0.5;0.3;0.9;1.8;8
186;Paul George;SF;31;LAC;26;26;35.5;9;21.4;0.421;2.7;8.3;0.323;6.3;13;0.484;0.484;4;4.5;0.88;0.4;6.7;7.1;5.5;2;0.4;4.2;2.5;24.7
187;Taj Gibson;C;36;NYK;44;4;17.9;1.6;2.9;0.539;0.2;0.5;0.391;1.4;2.4;0.571;0.574;0.7;0.9;0.775;1.7;2.7;4.4;0.6;0.4;0.8;0.5;2.8;4
188;Josh Giddey;SG;19;OKC;54;54;31.5;5.2;12.4;0.419;1;3.9;0.263;4.2;8.5;0.492;0.461;1;1.5;0.709;1.8;6;7.8;6.4;0.9;0.4;3.2;1.6;12.5
189;Shai Gilgeous-Alexander;PG;23;OKC;54;54;34.7;8.4;18.7;0.45;1.6;5.4;0.291;6.9;13.4;0.513;0.491;5.9;7.3;0.81;0.7;4.3;5;5.9;1.3;0.8;2.8;2.5;24.3
190;Anthony Gill;PF;29;WAS;33;0;8.1;1.2;1.9;0.603;0.3;0.5;0.6;0.9;1.5;0.604;0.675;0.7;1;0.727;0.6;0.8;1.5;0.5;0.1;0.2;0.3;1.3;3.3
191;Freddie Gillespie;PF;24;ORL;9;2;13.2;1;2.4;0.409;0;0.1;0;1;2.3;0.429;0.409;0.3;0.8;0.429;1.4;2.6;4;0.6;0.3;1;0.6;2;2.3
192;Rudy Gobert;C;29;UTA;54;54;32;5.5;7.8;0.711;0;0;0;5.5;7.7;0.715;0.711;4.4;6.4;0.69;3.6;11.2;14.8;1.1;0.7;2.2;1.8;2.7;15.4
193;Brandon Goodwin;PG;26;CLE;26;5;15.9;2;5;0.411;0.7;1.9;0.347;1.4;3.1;0.45;0.477;0.6;1;0.615;0.5;1.8;2.3;3.3;0.9;0;1;1.2;5.3
194;Jordan Goodwin;SG;23;WAS;2;0;3;0;1.5;0;0;0.5;0;0;1;0;0;0;0;0;0;0.5;0.5;0;0;0;0;0.5;0
195;Aaron Gordon;PF;26;DEN;64;64;31.3;5.5;10.8;0.509;1.1;3.5;0.315;4.4;7.4;0.601;0.56;2.2;3;0.738;1.6;4;5.6;2.5;0.6;0.6;1.7;1.9;14.3
196;Eric Gordon;SG;33;HOU;54;43;29.6;4.8;10.1;0.474;2.2;5.4;0.408;2.6;4.8;0.548;0.582;1.9;2.5;0.778;0.3;1.7;2;2.8;0.5;0.3;1.9;1.1;13.8
197;Devonte' Graham;PG;26;NOP;65;57;29.8;4.1;11.4;0.362;2.7;7.9;0.344;1.4;3.5;0.402;0.481;1.6;1.9;0.831;0.5;2;2.5;4.4;1;0.2;1.5;1.4;12.5
198;Jerami Grant;PF;27;DET;44;44;32.6;6.3;15;0.418;1.8;5.4;0.339;4.5;9.6;0.463;0.48;4.6;5.5;0.832;0.6;3.5;4.1;2.4;1;1.1;1.8;2.3;19
199;Hassani Gravett;PG;25;ORL;8;3;21.4;2.3;4.8;0.474;1.4;3.3;0.423;0.9;1.5;0.583;0.618;0.4;0.5;0.75;0.1;2.5;2.6;2.5;0.6;0.1;1.1;1.6;6.3
200;Danny Green;SF;34;PHI;48;25;22.1;2.1;5.3;0.39;1.6;4.4;0.373;0.4;0.9;0.476;0.545;0.2;0.2;0.9;0.5;1.9;2.4;1;1;0.6;0.8;1.7;6
201;Draymond Green;PF;31;GSW;36;34;29.4;3.1;5.8;0.531;0.4;1.3;0.277;2.7;4.4;0.606;0.563;1.2;2;0.606;1.1;6.5;7.6;7.2;1.4;1.1;3.1;2.7;7.7
202;Jalen Green;SG;19;HOU;54;54;31.1;5.5;13.3;0.415;2.1;6.4;0.326;3.4;6.9;0.497;0.493;2.6;3.3;0.799;0.5;2.6;3.1;2.6;0.7;0.2;2.1;1.5;15.8
203;JaMychal Green;PF;31;DEN;57;7;16.2;2.5;5.1;0.483;0.5;2;0.265;1.9;3.1;0.621;0.534;1.3;1.4;0.889;1.2;3.1;4.3;0.8;0.7;0.4;0.9;2.4;6.7
204;Javonte Green;SF;28;CHI;52;40;24.2;2.8;5.2;0.541;0.6;1.6;0.378;2.2;3.6;0.613;0.599;1.3;1.6;0.84;1.5;2.8;4.3;1;1;0.5;0.5;2.2;7.5
205;Jeff Green;C;35;DEN;65;53;24.6;3.7;7.2;0.518;0.7;2.2;0.301;3;4.9;0.618;0.566;2.2;2.7;0.833;0.6;2.6;3.2;1.3;0.4;0.4;1;2;10.3
206;Josh Green;SG;21;DAL;54;3;15.2;1.9;3.7;0.505;0.4;1;0.345;1.5;2.7;0.565;0.552;0.5;0.7;0.7;0.8;1.6;2.4;1.2;0.7;0.2;0.6;1.8;4.6
207;Blake Griffin;PF;32;BRK;53;24;17.4;2.4;5.7;0.419;0.6;2.6;0.248;1.8;3.1;0.56;0.475;1;1.4;0.716;1.1;3;4.1;1.9;0.5;0.2;0.5;1.7;6.4
208;Quentin Grimes;SG;21;NYK;40;6;17.4;2.2;5.2;0.421;1.7;4.2;0.398;0.6;1.1;0.512;0.579;0.3;0.4;0.647;0.6;1.4;1.9;1;0.7;0.3;0.6;1.5;6.3
209;Kyle Guy;SG;24;MIA;18;0;10.2;1.4;3.5;0.413;0.8;2.1;0.368;0.7;1.4;0.48;0.524;0.4;0.7;0.667;0.2;0.7;0.8;0.9;0.4;0.1;0.7;0.7;4.1
210;Rui Hachimura;PF;23;WAS;28;0;19.7;3.8;7.8;0.489;1.3;2.6;0.486;2.6;5.3;0.49;0.568;1.1;1.4;0.775;0.5;2.8;3.3;1;0.7;0.2;0.8;1.3;10
211;Tyrese Haliburton;SG-PG;21;TOT;65;65;35.1;5.5;11.9;0.467;2.2;5.2;0.416;3.4;6.6;0.507;0.558;1.9;2.3;0.833;0.7;3.3;4;7.9;1.8;0.6;2.6;1.5;15.2
211;Tyrese Haliburton;SG;21;SAC;51;51;34.5;5.3;11.5;0.457;2;4.9;0.413;3.2;6.5;0.491;0.546;1.7;2;0.837;0.8;3.1;3.9;7.4;1.7;0.7;2.3;1.4;14.3
211;Tyrese Haliburton;PG;21;IND;14;14;37.4;6.6;13.2;0.497;2.6;6.2;0.425;3.9;7;0.561;0.597;2.7;3.3;0.826;0.5;3.9;4.4;9.4;2;0.5;3.8;1.7;18.5
212;Tyler Hall;SG;24;NYK;1;0;2;0;0;0;0;0;0;0;0;0;0;0;0;0;0;0;0;0;0;0;0;0;0
213;R.J. Hampton;SG;20;ORL;52;4;20.5;2.5;6.6;0.384;1;2.7;0.367;1.6;3.9;0.395;0.458;1.2;1.9;0.612;0.3;2.6;2.9;2.3;0.7;0.2;1.3;1.5;7.2
214;Tim Hardaway Jr.;SG;29;DAL;42;20;29.6;5;12.6;0.394;2.4;7.2;0.336;2.5;5.4;0.473;0.491;1.9;2.5;0.757;0.3;3.4;3.7;2.2;0.9;0.1;0.8;1.8;14.2
215;James Harden;PG-SG;32;TOT;53;53;37.1;6.5;15.6;0.416;2.3;6.9;0.338;4.2;8.8;0.477;0.49;7.2;8.3;0.872;0.9;6.9;7.8;10.2;1.3;0.6;4.5;2.4;22.5
215;James Harden;PG;32;BRK;44;44;37;6.6;16;0.414;2.3;7;0.332;4.3;9.1;0.476;0.486;6.9;8;0.869;1;7;8;10.2;1.3;0.7;4.8;2.4;22.5
215;James Harden;SG;32;PHI;9;9;37.6;5.9;13.7;0.431;2.3;6.3;0.368;3.6;7.3;0.485;0.516;8.7;9.8;0.886;0.4;6.3;6.8;10.6;1.4;0.1;3.2;2.7;22.8
216;Maurice Harkless;SF;28;SAC;46;24;18.7;1.8;3.9;0.459;0.7;2.2;0.307;1.1;1.7;0.65;0.544;0.4;0.6;0.714;0.3;2.2;2.4;0.5;0.6;0.5;0.7;1.7;4.7
217;Jared Harper;PG;24;NOP;2;0;5;1.5;3.5;0.429;0.5;1;0.5;1;2.5;0.4;0.5;0;0;0;0.5;0;0.5;1.5;0;0.5;0.5;1;3.5
218;Montrezl Harrell;C;28;TOT;60;3;24.2;5.3;8.3;0.642;0.1;0.3;0.235;5.2;8;0.657;0.646;3.2;4.5;0.716;2.2;4.4;6.6;2;0.4;0.6;1.1;2;13.9
218;Montrezl Harrell;C;28;WAS;46;3;24.3;5.4;8.3;0.645;0.1;0.3;0.267;5.3;8;0.66;0.65;3.2;4.5;0.727;2.1;4.6;6.7;2.1;0.4;0.7;1.1;1.9;14.1
218;Montrezl Harrell;C;28;CHO;14;0;23.8;5.1;8;0.634;0;0.1;0;5.1;7.9;0.645;0.634;3.1;4.5;0.683;2.6;3.6;6.3;1.6;0.4;0.4;1;2.4;13.2
219;Gary Harris;SG;27;ORL;59;30;28.6;4;9.1;0.439;1.9;4.9;0.39;2.1;4.1;0.498;0.546;1.4;1.6;0.871;0.6;1.4;2;1.8;0.9;0.2;1;1.9;11.3
220;Joe Harris;SF;30;BRK;14;14;30.2;4;8.9;0.452;2.9;6.3;0.466;1.1;2.6;0.417;0.617;0.4;0.4;0.833;0.4;3.6;4;1;0.5;0.1;1.1;2.2;11.3
221;Tobias Harris;PF;29;PHI;59;59;35.4;7;14.5;0.48;1.3;3.6;0.36;5.7;10.9;0.519;0.525;2.7;3.2;0.849;1.1;5.9;7;3.4;0.6;0.6;1.6;2.1;17.9
222;Shaquille Harrison;SG;28;BRK;2;0;11.5;1;3;0.333;0;1;0;1;2;0.5;0.333;0;0;0;0.5;1.5;2;1.5;0.5;0.5;1;1.5;2
223;Josh Hart;SG-SF;26;TOT;52;51;33.1;5.1;10.3;0.496;1.3;3.8;0.335;3.8;6.5;0.592;0.559;3;3.9;0.756;1.2;6.1;7.3;4.1;1.1;0.3;2.1;2.8;14.5
223;Josh Hart;SG;26;NOP;41;40;33.5;4.8;9.4;0.505;1;3.2;0.323;3.7;6.2;0.598;0.56;2.8;3.8;0.753;1.3;6.5;7.8;4.1;1.1;0.3;2;2.9;13.4
223;Josh Hart;SF;26;POR;11;11;31.5;6.5;13.8;0.474;2.3;6.4;0.357;4.3;7.5;0.573;0.556;3.5;4.6;0.765;0.7;4.9;5.6;4.1;1.2;0.2;2.6;2.4;18.9
224;Isaiah Hartenstein;C;23;LAC;58;0;16.9;3.3;5.1;0.638;0.1;0.2;0.385;3.2;4.9;0.649;0.646;1.2;1.8;0.642;1.6;2.9;4.5;2;0.7;1.1;1.2;2.5;7.8
225;Udonis Haslem;C;41;MIA;9;0;6.3;1.2;2.4;0.5;0.1;0.2;0.5;1.1;2.2;0.5;0.523;0.3;0.3;1;0.4;1.6;2;0.3;0.1;0.1;0.3;1.2;2.9
226;Sam Hauser;SF;24;BOS;16;0;4.3;0.6;1.4;0.409;0.6;1.4;0.409;0;0;0;0.614;0;0;0;0.1;0.4;0.5;0.3;0.1;0.1;0.1;0.3;1.7
227;Jaxson Hayes;C;21;NOP;57;15;18.5;3.4;5.2;0.649;0.2;0.6;0.324;3.2;4.6;0.691;0.667;2;2.6;0.762;1.4;2.8;4.2;0.6;0.4;0.8;0.8;2.3;8.9
228;Killian Hayes;PG;20;DET;54;33;24.5;2.3;6.4;0.362;0.6;2.4;0.26;1.7;3.9;0.425;0.411;0.9;1.1;0.767;0.6;2.5;3.1;4.2;1.1;0.5;1.7;2.7;6.1
229;Gordon Hayward;SF;31;CHO;48;48;32.2;5.9;12.7;0.46;1.8;4.5;0.39;4.1;8.2;0.499;0.529;2.6;3.1;0.846;0.8;3.8;4.6;3.6;1;0.5;1.7;1.8;16.1
230;Aaron Henry;SF;22;PHI;6;0;2.8;0.2;0.8;0.2;0;0.2;0;0.2;0.7;0.25;0.2;0;0;0;0;0.2;0.2;0;0;0.3;0.3;0.3;0.3
231;Juancho Hernangómez;PF;26;TOT;28;1;6.8;0.4;1.4;0.25;0.2;1;0.185;0.2;0.5;0.385;0.313;0.5;0.8;0.619;0.5;1.2;1.7;0.3;0.2;0.2;0.4;0.3;1.4
231;Juancho Hernangómez;PF;26;BOS;18;0;5.3;0.3;1.5;0.185;0.2;1;0.167;0.1;0.5;0.222;0.241;0.3;0.5;0.667;0.5;0.9;1.4;0.2;0.2;0.1;0.3;0.4;1.1
231;Juancho Hernangómez;PF;26;SAS;5;0;10.2;0.4;1.2;0.333;0;0.6;0;0.4;0.6;0.667;0.333;0.6;0.8;0.75;0.8;2.2;3;0.6;0.2;0.2;0.4;0;1.4
231;Juancho Hernangómez;PF;26;UTA;5;1;8.4;0.6;1.4;0.429;0.4;1.2;0.333;0.2;0.2;1;0.571;0.8;1.6;0.5;0.2;1.2;1.4;0.4;0;0.4;0.4;0.4;2.4
232;Willy Hernangómez;C;27;NOP;40;6;16.1;3.4;6.3;0.546;0.1;0.3;0.4;3.3;6;0.552;0.554;1.9;2.6;0.74;2.6;3.9;6.6;1.2;0.4;0.4;1;1.8;8.9
233;Tyler Herro;SG;22;MIA;57;10;32.8;7.7;17.4;0.443;2.7;6.8;0.393;5;10.5;0.475;0.52;3;3.4;0.867;0.5;4.3;4.8;3.8;0.7;0.1;2.6;1.4;21
234;Buddy Hield;SG;29;TOT;69;20;30.5;5.4;13.3;0.403;3.2;8.9;0.363;2.2;4.5;0.481;0.523;1.4;1.6;0.875;0.8;3.6;4.3;2.6;0.9;0.3;1.8;2.2;15.4
234;Buddy Hield;SG;29;SAC;55;6;28.6;4.8;12.6;0.382;3.3;9;0.368;1.5;3.6;0.419;0.514;1.5;1.7;0.87;0.8;3.2;4;1.9;0.9;0.3;1.6;2.1;14.4
234;Buddy Hield;SG;29;IND;14;14;38.1;7.6;16.3;0.465;2.9;8.3;0.345;4.7;8;0.589;0.553;1.3;1.4;0.9;0.6;4.9;5.5;5.4;0.9;0.3;2.3;2.8;19.3
235;Haywood Highsmith;SF;25;MIA;13;0;8;0.7;2;0.346;0.5;1.3;0.412;0.2;0.7;0.222;0.481;0.2;0.3;0.5;0.5;0.8;1.3;0.1;0.1;0.2;0.2;0.7;2.1
236;George Hill;SG;35;MIL;43;16;25;2.4;5.6;0.435;0.9;2.8;0.325;1.5;2.8;0.546;0.517;1.1;1.2;0.923;0.8;2.3;3.2;2.4;0.8;0.1;0.8;1.3;6.9
237;Malcolm Hill;SF-SG;26;TOT;17;0;11.6;1.4;2.9;0.469;0.8;2;0.382;0.6;0.9;0.667;0.602;0.6;0.8;0.786;0.6;1.2;1.9;0.3;0.4;0.2;0.1;1.3;4.1
237;Malcolm Hill;SG;26;ATL;3;0;15.3;1.7;2.7;0.625;1;1.7;0.6;0.7;1;0.667;0.813;1.3;1.3;1;0.7;1.3;2;0.3;1.3;0.3;0;2.3;5.7
237;Malcolm Hill;SF;26;CHI;14;0;10.8;1.3;2.9;0.439;0.7;2.1;0.345;0.6;0.9;0.667;0.561;0.5;0.7;0.7;0.6;1.2;1.9;0.3;0.1;0.1;0.1;1.1;3.8
238;Solomon Hill;PF;30;ATL;13;1;10.7;0.2;1.5;0.15;0.2;1;0.154;0.1;0.5;0.143;0.2;0;0;0;0.5;1.3;1.8;0.9;0.3;0.2;0.1;1.2;0.6
239;Nate Hinton;SG;22;IND;2;0;1;0;0.5;0;0;0;0;0;0.5;0;0;0;0;0;0;0;0;0;0;0;0.5;0;0
240;Jaylen Hoard;SF;22;OKC;1;0;2;0;1;0;0;0;0;0;1;0;0;0;0;0;1;1;2;0;0;0;0;0;0
241;Aaron Holiday;PG;25;TOT;55;14;16.6;2.5;5.3;0.466;0.6;1.6;0.386;1.9;3.7;0.5;0.524;0.8;1;0.852;0.3;1.5;1.9;2.4;0.7;0.2;1;1.4;6.4
241;Aaron Holiday;PG;25;WAS;41;14;16.2;2.4;5.2;0.467;0.6;1.6;0.343;1.9;3.6;0.524;0.521;0.7;0.9;0.8;0.2;1.4;1.6;1.9;0.6;0.2;1;1.5;6.1
241;Aaron Holiday;PG;25;PHO;14;0;18;2.6;5.7;0.463;0.8;1.5;0.524;1.9;4.2;0.441;0.531;1.3;1.4;0.947;0.6;1.9;2.5;3.9;1;0;1.1;1.4;7.4
242;Jrue Holiday;PG;31;MIL;57;54;33.3;7.2;14.4;0.502;2;4.7;0.416;5.2;9.6;0.545;0.571;2.1;2.7;0.763;1.1;3.5;4.6;6.7;1.6;0.5;2.8;2;18.5
243;Justin Holiday;SF-SG;32;TOT;63;54;28.5;3.7;9.2;0.397;2.4;6.7;0.363;1.2;2.5;0.488;0.528;0.7;0.8;0.846;0.4;2.3;2.7;1.8;0.7;0.4;1;2.1;10.5
243;Justin Holiday;SF;32;IND;49;40;28.9;3.9;9.3;0.415;2.6;6.9;0.378;1.3;2.5;0.516;0.553;0.7;0.8;0.829;0.4;2.4;2.8;1.8;0.7;0.4;1;2.1;11
243;Justin Holiday;SG;32;SAC;14;14;26.9;2.9;8.9;0.331;1.9;6.1;0.302;1.1;2.7;0.395;0.435;0.7;0.8;0.909;0.5;1.8;2.3;1.6;0.8;0.6;0.9;2.1;8.4
244;Richaun Holmes;C;28;SAC;45;37;23.9;4.4;6.7;0.66;0;0.1;0.4;4.4;6.6;0.664;0.663;1.6;2;0.778;2.1;5;7;1.1;0.4;0.9;1.2;2.8;10.4
245;Rodney Hood;SF-SG;29;TOT;46;0;13.8;1.1;3.1;0.357;0.6;1.9;0.314;0.5;1.2;0.421;0.451;0.3;0.3;0.929;0.3;1.2;1.5;0.7;0.3;0.1;0.2;0.6;3.1
245;Rodney Hood;SF;29;MIL;39;0;14.9;1.2;3.4;0.351;0.6;2.1;0.3;0.6;1.3;0.431;0.443;0.3;0.4;0.929;0.3;1.4;1.7;0.8;0.3;0.1;0.2;0.7;3.3
245;Rodney Hood;SG;29;LAC;7;0;7.4;0.7;1.7;0.417;0.4;0.9;0.5;0.3;0.9;0.333;0.542;0;0;0;0.1;0.3;0.4;0.6;0.3;0.1;0.1;0.3;1.9
246;Scotty Hopson;SG;32;OKC;1;0;18;2;4;0.5;0;1;0;2;3;0.667;0.5;0;0;0;0;1;1;1;0;0;2;1;4
247;Al Horford;C;35;BOS;60;60;29.1;3.9;8.5;0.454;1.3;4;0.317;2.6;4.5;0.576;0.528;1.2;1.5;0.841;1.6;6;7.6;3.3;0.7;1.3;1;1.9;10.2
248;Talen Horton-Tucker;SG;21;LAL;51;16;25.7;3.6;8.8;0.414;0.8;3;0.271;2.8;5.7;0.49;0.461;1.5;1.9;0.776;0.7;2.6;3.3;2.7;0.9;0.5;1.5;2.6;9.6
249;Danuel House Jr.;SF;28;TOT;36;5;16.2;1.8;4.4;0.409;1;2.5;0.385;0.8;1.9;0.441;0.519;1;1.3;0.778;0.4;2.2;2.6;1.1;0.4;0.4;0.7;1.1;5.6
249;Danuel House Jr.;SF;28;HOU;16;1;14.6;1.6;4.6;0.338;0.6;2.1;0.294;0.9;2.5;0.375;0.405;1.1;1.2;0.895;0.3;2.4;2.7;1.2;0.3;0.3;1.1;1;4.8
249;Danuel House Jr.;SF;28;NYK;1;0;3;0;1;0;0;1;0;0;0;0;0;0;0;0;0;0;0;0;0;0;0;0;0
249;Danuel House Jr.;SF;28;UTA;19;4;18.2;2.1;4.4;0.476;1.3;2.9;0.446;0.8;1.5;0.536;0.625;0.9;1.4;0.692;0.6;2.1;2.6;1.2;0.5;0.4;0.4;1.3;6.5
250;Dwight Howard;C;36;LAL;49;16;14.8;1.9;3.1;0.601;0.1;0.2;0.667;1.8;2.9;0.597;0.621;1.3;2;0.636;2;3.6;5.6;0.6;0.6;0.6;0.8;2;5.2
251;Markus Howard;SG;22;DEN;28;0;5.1;1;2.8;0.367;0.9;2;0.421;0.2;0.8;0.227;0.519;0.5;0.5;0.867;0;0.3;0.3;0.2;0.3;0;0.2;0.4;3.4
252;Kevin Huerter;SG;23;ATL;61;47;29.5;4.6;10.2;0.456;2;5.4;0.382;2.6;4.8;0.539;0.557;0.5;0.6;0.795;0.5;2.9;3.3;2.7;0.7;0.4;1.2;2.4;11.8
253;Jay Huff;C;23;LAL;4;0;5;0;0.8;0;0;0.5;0;0;0.3;0;0;0;0;0;0.3;0.8;1;0.3;0.3;0.3;0.3;0.3;0
254;Elijah Hughes;SF-SG;23;TOT;25;3;10.3;1.1;3.4;0.318;0.7;2.4;0.279;0.4;1;0.417;0.418;0.2;0.2;0.8;0.2;1.4;1.6;0.5;0.3;0.2;0.5;1;3
254;Elijah Hughes;SF;23;UTA;14;1;8;1.1;2.6;0.417;0.7;2;0.357;0.4;0.6;0.625;0.556;0.2;0.2;1;0.1;1.1;1.2;0.4;0.3;0.1;0.5;0.5;3.1
254;Elijah Hughes;SG;23;POR;11;2;13.3;1.1;4.5;0.245;0.6;3;0.212;0.5;1.5;0.313;0.316;0.1;0.2;0.5;0.3;1.7;2;0.5;0.4;0.3;0.5;1.5;2.9
255;De'Andre Hunter;SF;24;ATL;41;40;30;4.8;10.7;0.45;1.5;3.8;0.391;3.3;6.9;0.482;0.519;2.4;3.1;0.76;0.5;2.6;3.1;1.2;0.7;0.4;1.3;3;13.5
256;Chandler Hutchison;SF;25;PHO;6;0;3.7;0.2;0.3;0.5;0;0;0;0.2;0.3;0.5;0.5;0.3;0.3;1;0;0.8;0.8;0.3;0;0;0.7;0.2;0.7
257;Bones Hyland;PG;21;DEN;57;3;18.1;3.1;7.9;0.389;1.8;4.9;0.369;1.3;3.1;0.42;0.502;1.3;1.5;0.851;0.2;2.6;2.8;2.3;0.5;0.2;1.2;2.1;9.3
258;Serge Ibaka;C-PF;32;TOT;48;11;16.2;2.7;5.4;0.502;0.7;1.8;0.376;2.1;3.7;0.563;0.563;0.6;0.8;0.692;1.1;3.5;4.6;0.9;0.2;0.7;0.8;1.8;6.7
258;Serge Ibaka;C;32;LAC;35;10;15.4;2.7;5.5;0.49;0.7;1.8;0.387;2;3.7;0.538;0.552;0.6;0.8;0.69;1.1;3.1;4.3;1;0.2;0.7;0.9;1.6;6.6
258;Serge Ibaka;PF;32;MIL;13;1;18.5;2.8;5.3;0.536;0.6;1.8;0.348;2.2;3.5;0.63;0.594;0.5;0.8;0.7;1.2;4.3;5.5;0.4;0.2;0.5;0.5;2.2;6.8
259;Andre Iguodala;SF;38;GSW;26;0;19.9;1.5;3.9;0.392;0.5;2.3;0.23;1;1.6;0.634;0.461;0.5;0.6;0.813;0.7;2.6;3.3;3.8;0.8;0.8;0.9;1;4.1
260;Joe Ingles;SF;34;UTA;45;15;24.9;2.6;6.3;0.404;1.7;5;0.347;0.8;1.3;0.617;0.54;0.4;0.5;0.773;0.3;2.6;2.9;3.5;0.5;0.1;1;1.8;7.2
261;Brandon Ingram;SF;24;NOP;50;50;34.2;8.4;18.2;0.462;1.4;4.3;0.335;7;13.9;0.501;0.502;4.5;5.5;0.816;0.7;5;5.7;5.5;0.6;0.5;2.7;2.2;22.8
262;Kyrie Irving;PG;29;BRK;19;19;36.1;10.1;20.6;0.49;3.2;7.5;0.43;6.9;13.2;0.524;0.568;4.3;4.8;0.901;0.6;4.1;4.7;5.3;1.4;0.7;2.3;2.6;27.7
263;Wes Iwundu;SF;27;ATL;3;1;27.3;2.7;6;0.444;1;1.7;0.6;1.7;4.3;0.385;0.528;1;1.3;0.75;1;3.3;4.3;0;0.3;0;0.3;2.7;7.3
264;Frank Jackson;PG;23;DET;44;5;22.3;3.8;9.2;0.409;1.8;5.5;0.32;2;3.8;0.539;0.504;1.4;1.8;0.795;0.3;1.3;1.6;1;0.5;0.2;0.8;1.8;10.7
265;Isaiah Jackson;PF;20;IND;30;12;13.6;3;5.4;0.559;0.1;0.4;0.308;2.9;4.9;0.581;0.571;1.6;2.4;0.653;1.7;2.5;4.2;0.3;0.5;1.4;1;2.5;7.7
266;Jaren Jackson Jr.;PF;22;MEM;69;69;27.5;5.6;13.4;0.417;1.6;5.1;0.314;4;8.3;0.482;0.477;3.6;4.5;0.808;1.6;4.3;5.9;1;1;2.2;1.6;3.5;16.4
267;Josh Jackson;SF;24;TOT;44;3;16.4;2.4;5.9;0.403;0.7;2.7;0.256;1.7;3.2;0.525;0.461;1;1.3;0.724;0.4;2.5;2.8;1.1;0.5;0.4;0.9;1.7;6.4
267;Josh Jackson;SF;24;DET;39;3;18.1;2.6;6.4;0.41;0.8;2.9;0.265;1.9;3.5;0.529;0.47;1;1.4;0.714;0.4;2.7;3.2;1.3;0.5;0.5;1;1.8;7.1
267;Josh Jackson;SF;24;SAC;5;0;3;0.2;1.4;0.143;0;0.8;0;0.2;0.6;0.333;0.143;0.4;0.4;1;0;0.4;0.4;0.2;0.2;0.2;0.6;0.8;0.8
268;Justin Jackson;SF;26;TOT;7;0;5.3;0.7;2.1;0.333;0.4;1.3;0.333;0.3;0.9;0.333;0.433;0.3;0.3;1;0.1;0.9;1;0.3;0;0;0.1;0.4;2.1
268;Justin Jackson;SF;26;BOS;1;0;2;0;1;0;0;0;0;0;1;0;0;2;2;1;0;0;0;0;0;0;0;0;2
268;Justin Jackson;SF;26;PHO;6;0;5.8;0.8;2.3;0.357;0.5;1.5;0.333;0.3;0.8;0.4;0.464;0;0;0;0.2;1;1.2;0.3;0;0;0.2;0.5;2.2
269;Reggie Jackson;SG;31;LAC;67;67;31.3;6.5;16.4;0.396;2.3;7;0.335;4.1;9.4;0.441;0.467;1.9;2.2;0.832;0.6;3.2;3.7;4.9;0.7;0.2;2.3;2;17.1
270;LeBron James;SF;37;LAL;51;51;36.9;11.1;21.3;0.52;2.8;8;0.357;8.2;13.4;0.617;0.586;4.5;6;0.76;1.1;7;8.1;6.2;1.4;1.1;3.5;2.2;29.5
271;DeJon Jarreau;SG;24;IND;1;0;1;0;0;0;0;0;0;0;0;0;0;0;0;0;0;0;0;0;0;0;0;0;0
272;DaQuan Jeffries;SG;24;MEM;3;0;3;0.3;0.7;0.5;0;0.3;0;0.3;0.3;1;0.5;0;0;0;0;0.7;0.7;0.3;0;0;0;0.3;0.7
273;Ty Jerome;SG;24;OKC;48;4;16.7;2.6;6.8;0.378;1.1;3.9;0.29;1.5;3;0.493;0.46;0.8;1;0.809;0.4;1.2;1.6;2.3;0.6;0.1;0.8;1.5;7.1
274;Isaiah Joe;SG;22;PHI;48;1;11.6;1.1;3.3;0.35;0.8;2.5;0.331;0.3;0.8;0.417;0.478;0.5;0.5;0.923;0.1;0.9;1;0.7;0.3;0.1;0.3;0.9;3.6
275;Alize Johnson;PF;25;TOT;23;0;7.3;0.7;1.7;0.436;0;0.2;0;0.7;1.5;0.486;0.436;0.3;0.5;0.583;1.2;1.4;2.7;0.4;0.2;0;0.5;0.8;1.8
275;Alize Johnson;PF;25;CHI;16;0;7.6;0.8;1.4;0.522;0;0.1;0;0.8;1.3;0.571;0.522;0.3;0.4;0.571;1;1.3;2.3;0.5;0.2;0;0.5;0.9;1.8
275;Alize Johnson;PF;25;WAS;3;0;6;0.7;2;0.333;0;0.7;0;0.7;1.3;0.5;0.333;0;0.3;0;1.7;2.3;4;0;0;0;1;0;1.3
275;Alize Johnson;PF;25;NOP;4;0;7;0.8;2.5;0.3;0;0;0;0.8;2.5;0.3;0.3;0.8;1;0.75;1.8;1.5;3.3;0.3;0.5;0;0.3;0.8;2.3
276;B.J. Johnson;SF;26;ORL;4;0;16.3;2.8;6.3;0.44;1;2.5;0.4;1.8;3.8;0.467;0.52;0;0;0;1.5;2.3;3.8;0;0;0.3;0;1;6.5
277;Cameron Johnson;PF;25;PHO;60;13;26.3;4.4;9.2;0.475;2.7;5.9;0.448;1.7;3.2;0.526;0.62;1.5;1.7;0.873;0.6;3.5;4.1;1.5;0.8;0.2;0.6;1.7;12.8
278;David Johnson;SG;20;TOR;2;0;1;0;0.5;0;0;0.5;0;0;0;0;0;0;0;0;0;0;0;0;0;0;0;0;0
279;Jalen Johnson;PF;20;ATL;16;0;4.3;0.7;1.4;0.5;0.2;0.5;0.375;0.5;0.9;0.571;0.568;0.3;0.4;0.667;0;1.1;1.1;0.1;0;0.1;0.3;0.2;1.8
280;James Johnson;PF;34;BRK;54;10;19.7;2.6;5.4;0.474;0.4;1.5;0.28;2.1;3.9;0.55;0.514;0.5;1;0.528;0.9;2.6;3.5;2.2;0.5;0.5;0.8;2.6;6.1
281;Joe Johnson;SG;40;BOS;1;0;2;1;1;1;0;0;0;1;1;1;1;0;0;0;0;0;0;0;0;0;0;0;2
282;Keldon Johnson;SF;22;SAS;64;63;31.7;6.1;13.1;0.468;2;4.9;0.411;4.1;8.1;0.502;0.545;2.1;2.9;0.745;1.1;5;6.1;1.9;0.7;0.1;1.2;1.9;16.4
283;Keon Johnson;SG;19;TOT;24;2;14.1;1.8;5.3;0.333;0.5;1.5;0.351;1.2;3.7;0.326;0.385;1.1;1.4;0.794;0.5;1.4;1.9;1.3;0.5;0.2;0.7;1.5;5.2
283;Keon Johnson;SG;19;LAC;15;0;9;1.1;3.4;0.333;0.2;0.7;0.273;0.9;2.7;0.35;0.363;1.1;1.4;0.762;0.4;1;1.4;0.9;0.5;0.1;0.5;1.4;3.5
283;Keon Johnson;SG;19;POR;9;2;22.7;2.8;8.3;0.333;1.1;2.9;0.385;1.7;5.4;0.306;0.4;1.2;1.4;0.846;0.7;2.1;2.8;2.1;0.7;0.3;1;1.8;7.9
284;Stanley Johnson;PF;25;LAL;35;20;21.1;2.2;4.7;0.473;0.7;2;0.329;1.6;2.7;0.579;0.542;0.8;1.2;0.707;0.7;2.4;3;1.4;0.8;0.4;0.6;2.4;5.9
285;Tyler Johnson;PG;29;TOT;6;0;15.2;1;3.3;0.3;0.8;2.2;0.385;0.2;1.2;0.143;0.425;0;0;0;0.5;1.5;2;1.2;0.5;0.5;0.3;1.2;2.8
285;Tyler Johnson;PG;29;PHI;3;0;12.7;1.3;3.3;0.4;1;2.3;0.429;0.3;1;0.333;0.55;0;0;0;0.3;1.7;2;0.7;0.3;0.3;0.3;1.3;3.7
285;Tyler Johnson;PG;29;SAS;3;0;17.7;0.7;3.3;0.2;0.7;2;0.333;0;1.3;0;0.3;0;0;0;0.7;1.3;2;1.7;0.7;0.7;0.3;1;2
286;Nikola Joki?;C;26;DEN;63;63;33;9.9;17.2;0.574;1.5;4.1;0.354;8.4;13.1;0.643;0.616;4.8;6;0.808;2.7;11;13.8;8.1;1.4;0.8;3.7;2.6;26
287;Carlik Jones;PG;24;TOT;5;0;4.6;0.2;1.8;0.111;0;0.2;0;0.2;1.6;0.125;0.111;0.4;0.4;1;0.2;0.4;0.6;1;0.2;0;0.6;0;0.8
287;Carlik Jones;PG;24;DAL;3;0;6.3;0;2.3;0;0;0.3;0;0;2;0;0;0.7;0.7;1;0.3;0.7;1;1.7;0.3;0;1;0;0.7
287;Carlik Jones;PG;24;DEN;2;0;2;0.5;1;0.5;0;0;0;0.5;1;0.5;0.5;0;0;0;0;0;0;0;0;0;0;0;1
288;Damian Jones;C;26;SAC;45;6;15.9;2.5;3.9;0.631;0.1;0.4;0.278;2.4;3.5;0.671;0.645;1.3;1.8;0.72;1.3;2.6;3.9;1.1;0.4;0.7;1;2.2;6.4
289;Derrick Jones Jr.;PF;24;CHI;44;8;17.7;2.1;3.8;0.551;0.4;1.1;0.34;1.7;2.7;0.633;0.599;1.1;1.4;0.787;1.2;2.2;3.4;0.5;0.5;0.7;0.5;2.2;5.6
290;Herbert Jones;PF;23;NOP;66;57;30.1;3.6;7.4;0.487;0.7;2;0.346;2.9;5.4;0.539;0.534;1.8;2.1;0.853;1.3;2.6;3.9;2.2;1.5;0.8;1.3;3.2;9.7
291;Jemerrio Jones;SF;26;LAL;2;0;7.5;1;1.5;0.667;0;0;0;1;1.5;0.667;0.667;0;0;0;1;0.5;1.5;0;0.5;0;0;1;2
292;Kai Jones;C;21;CHO;19;0;3.1;0.4;0.7;0.615;0.1;0.1;0.5;0.4;0.6;0.636;0.654;0.2;0.4;0.375;0.2;0.4;0.5;0.2;0.1;0;0.3;0.4;1.1
293;Mason Jones;SG;23;LAL;2;0;4.5;1;4;0.25;0;1;0;1;3;0.333;0.25;0.5;1;0.5;0.5;0.5;1;0;0.5;0;0.5;0.5;2.5
294;Tre Jones;PG;22;SAS;57;6;15;2.1;4.3;0.49;0.1;0.5;0.103;2.1;3.8;0.541;0.496;0.8;1.1;0.774;0.4;1.6;2;2.9;0.5;0.1;0.6;1.1;5.1
295;Tyus Jones;PG;25;MEM;63;15;20.3;3.3;7.3;0.451;1;2.7;0.365;2.3;4.6;0.502;0.519;0.7;0.8;0.83;0.2;2.2;2.4;4.1;0.9;0;0.6;0.5;8.2
296;DeAndre Jordan;C;33;TOT;37;19;12.8;1.8;2.8;0.635;0;0;0;1.8;2.8;0.635;0.635;0.5;0.9;0.559;1.7;3.7;5.4;0.4;0.3;0.8;0.7;1.5;4.1
296;DeAndre Jordan;C;33;LAL;32;19;12.8;1.9;2.8;0.674;0;0;0;1.9;2.8;0.674;0.674;0.4;0.8;0.462;1.6;3.8;5.4;0.4;0.3;0.8;0.7;1.6;4.1
296;DeAndre Jordan;C;33;PHI;5;0;12.8;1.2;3;0.4;0;0;0;1.2;3;0.4;0.4;1.4;1.6;0.875;2.2;3.2;5.4;0.6;0.2;0.6;1.2;1;3.8
297;Cory Joseph;PG;30;DET;58;32;24.7;2.8;6.1;0.452;1;2.4;0.413;1.8;3.7;0.477;0.532;1.5;1.7;0.869;0.5;2.1;2.6;3.7;0.6;0.3;1.3;2.3;8
298;Georgios Kalaitzakis;SF;23;MIL;9;0;5.3;0.6;1.2;0.455;0.2;0.4;0.5;0.3;0.8;0.429;0.545;0.4;1;0.444;0.4;0.4;0.9;0;0.1;0.1;0.4;0.9;1.8
299;Frank Kaminsky;C;28;PHO;9;0;20.1;4;7.3;0.545;0.6;1.7;0.333;3.4;5.7;0.608;0.583;2;2.2;0.9;1.2;3.3;4.6;1.4;0.9;0.8;0.6;1.6;10.6
300;Luke Kennard;SG;25;LAC;61;11;27.6;4;9;0.447;2.7;6;0.455;1.3;3;0.432;0.598;0.9;1;0.889;0.3;3.1;3.4;2.1;0.6;0.1;0.9;1.5;11.7
301;Braxton Key;SF;24;PHI;2;0;3;0.5;1;0.5;0;0.5;0;0.5;0.5;1;0.5;0;0;0;0.5;0.5;1;0.5;0.5;0;1;0.5;1
302;George King;SF;28;DAL;4;0;4.8;0;1.3;0;0;1;0;0;0.3;0;0;0.3;0.5;0.5;0;1.3;1.3;0;0;0;0.3;1;0.3
303;Louis King;SF;22;SAC;10;0;10.4;1.5;4.7;0.319;0.8;2.7;0.296;0.7;2;0.35;0.404;0.7;1;0.7;0;1.2;1.2;0.9;0.2;0.1;0;1.4;4.5
304;Corey Kispert;SF;22;WAS;63;22;21.5;2.7;6.2;0.445;1.3;3.7;0.342;1.5;2.5;0.6;0.548;0.7;0.8;0.837;0.7;1.9;2.7;1;0.3;0.3;0.6;1.2;7.4
305;Maxi Kleber;PF;30;DAL;50;20;25;2.4;6.1;0.403;1.5;4.3;0.341;1;1.7;0.558;0.525;0.8;1.1;0.719;1.2;4.7;5.9;1.2;0.5;1.1;0.7;2.3;7.2
306;Brandon Knight;PG;30;DAL;3;0;18;3;6.7;0.45;1.3;4.3;0.308;1.7;2.3;0.714;0.55;2.7;2.7;1;0;2.3;2.3;2.7;0.3;0;1.3;1.7;10
307;Nathan Knight;PF;24;MIN;33;2;7.2;1;2.1;0.485;0.1;0.2;0.25;0.9;1.8;0.517;0.5;1.2;1.7;0.727;0.8;1.4;2.2;0.5;0.2;0.2;0.5;1.1;3.3
308;Kevin Knox;SF;22;TOT;24;0;7.8;0.9;2.8;0.333;0.5;1.7;0.268;0.5;1;0.44;0.417;0.5;0.7;0.688;0.5;1;1.6;0.4;0.1;0;0.3;0.5;2.8
308;Kevin Knox;SF;22;NYK;13;0;8.5;1.2;3.1;0.375;0.8;2.2;0.357;0.4;0.9;0.417;0.5;0.5;0.8;0.7;0.6;1.1;1.7;0.2;0.2;0.1;0.4;0.4;3.6
308;Kevin Knox;SF;22;ATL;11;0;6.8;0.6;2.4;0.269;0.1;1.2;0.077;0.5;1.2;0.462;0.288;0.4;0.5;0.667;0.5;1;1.5;0.5;0.1;0;0.2;0.6;1.7
309;John Konchar;SG;25;MEM;60;6;18.2;1.8;3.5;0.5;0.7;1.8;0.4;1.1;1.8;0.598;0.599;0.4;0.7;0.59;1.2;3.4;4.5;1.4;0.6;0.3;0.4;1.3;4.6
310;Furkan Korkmaz;SG;24;PHI;57;19;22.8;2.9;7.6;0.389;1.2;4.3;0.291;1.7;3.3;0.516;0.471;1.1;1.3;0.816;0.3;2.5;2.9;2.1;0.5;0.1;0.8;0.9;8.2
311;Luke Kornet;C;26;TOT;7;0;5;0.1;1.3;0.111;0;0.3;0;0.1;1;0.143;0.111;0.3;0.4;0.667;0.4;0.6;1;0.3;0.3;0.1;0;0.4;0.6
311;Luke Kornet;C;26;CLE;2;0;7.5;0.5;2.5;0.2;0;0.5;0;0.5;2;0.25;0.2;1;1.5;0.667;1;0.5;1.5;0.5;0;0.5;0;0.5;2
311;Luke Kornet;C;26;MIL;1;0;3;0;1;0;0;0;0;0;1;0;0;0;0;0;1;0;1;0;0;0;0;1;0
311;Luke Kornet;C;26;BOS;4;0;4.3;0;0.8;0;0;0.3;0;0;0.5;0;0;0;0;0;0;0.8;0.8;0.3;0.5;0;0;0.3;0
312;Vit Krejci;SG;21;OKC;17;0;15.8;1.5;3.5;0.433;0.9;2.3;0.385;0.6;1.2;0.524;0.558;0.4;0.4;1;0.5;1.6;2.1;0.9;0.4;0.1;0.7;1.6;4.4
313;Arnoldas Kulboka;SF;24;CHO;1;0;3;0;0;0;0;0;0;0;0;0;0;0;0;0;0;0;0;0;0;0;0;0;0
314;Jonathan Kuminga;SF;19;GSW;58;8;16.4;3.3;6.4;0.509;0.7;2.2;0.333;2.5;4.2;0.602;0.567;1.8;2.5;0.699;0.7;2.5;3.2;0.8;0.4;0.3;1.1;2;9.1
315;Kyle Kuzma;PF;26;WAS;65;65;33.4;6.4;14.1;0.454;1.9;5.6;0.339;4.5;8.5;0.53;0.521;2.4;3.3;0.716;1.1;7.5;8.6;3.4;0.6;0.9;2.5;1.9;17.1
316;Anthony Lamb;SF;24;SAS;2;0;4;0;1;0;0;1;0;0;0;0;0;0;0;0;0;0.5;0.5;1;0;0;0;0;0
317;Jeremy Lamb;SF-SG;29;TOT;46;0;16.5;2.3;6.2;0.372;1;3.1;0.326;1.3;3.1;0.418;0.454;1.7;2;0.84;0.4;2.2;2.6;1.4;0.6;0.4;0.6;1.1;7.3
317;Jeremy Lamb;SF;29;IND;39;0;15.7;2.2;5.8;0.373;1;3;0.333;1.2;2.8;0.414;0.458;1.7;2.1;0.838;0.4;2;2.4;1.3;0.6;0.4;0.6;1.1;7.1
317;Jeremy Lamb;SG;29;SAC;7;0;21.1;3;8.1;0.368;1.1;3.9;0.296;1.9;4.3;0.433;0.439;1.7;2;0.857;0.4;3.4;3.9;1.9;0.4;0.9;0.7;1;8.9
318;Jock Landale;C;26;SAS;44;1;10.5;2;3.8;0.524;0.5;1.6;0.324;1.5;2.2;0.674;0.593;0.6;0.7;0.833;1.1;1.2;2.3;0.9;0.2;0.3;0.6;1.1;5
319;Romeo Langford;SG;22;TOT;45;5;16.5;1.8;4.2;0.436;0.6;1.9;0.345;1.2;2.3;0.51;0.513;0.5;0.8;0.553;0.7;1.7;2.3;0.4;0.5;0.4;0.4;1;4.8
319;Romeo Langford;SG;22;BOS;44;5;16.5;1.8;4.2;0.429;0.7;1.9;0.349;1.1;2.3;0.495;0.508;0.5;0.8;0.588;0.7;1.7;2.4;0.4;0.5;0.4;0.4;1;4.7
319;Romeo Langford;SG;22;SAS;1;0;16;3;4;0.75;0;1;0;3;3;1;0.75;1;4;0.25;0;1;1;0;0;0;0;0;7
320;Zach LaVine;SF;26;CHI;56;56;34.8;8.8;18.1;0.482;2.9;7.2;0.396;5.9;10.9;0.539;0.561;4.4;5.1;0.861;0.3;4.5;4.8;4.5;0.6;0.4;2.7;1.9;24.8
321;Jake Layman;SF;27;MIN;28;1;7;0.8;2.1;0.383;0.2;1;0.172;0.6;1.1;0.581;0.425;0.3;0.4;0.75;0.2;0.9;1.1;0.3;0.2;0.2;0.3;0.4;2.1
322;Damion Lee;SG;29;GSW;54;4;19.8;2.8;6.1;0.449;1.1;3.1;0.351;1.7;3;0.549;0.538;0.9;1;0.855;0.4;2.7;3.1;0.9;0.7;0.1;0.6;1.5;7.5
323;Saben Lee;PG;22;DET;31;0;14.9;1.7;4.4;0.38;0.4;1.5;0.267;1.3;3;0.435;0.423;1.1;1.5;0.778;0.4;1.9;2.3;2.3;0.8;0.4;0.8;0.9;4.9
324;Alex Len;C;28;SAC;35;10;16.4;2.4;4.6;0.525;0.2;0.6;0.3;2.3;4.1;0.556;0.543;1.1;1.7;0.638;1.4;3;4.4;1.2;0.3;0.7;1.2;2.7;6.1
325;Caris LeVert;SG;27;TOT;45;40;30.8;6.9;15.7;0.443;1.5;4.6;0.317;5.5;11;0.495;0.489;2.6;3.4;0.76;0.7;2.9;3.6;4.4;0.9;0.4;1.8;2.2;17.9
325;Caris LeVert;SG;27;IND;39;39;31.1;7.1;15.9;0.447;1.6;4.8;0.323;5.6;11.1;0.501;0.496;2.8;3.7;0.76;0.8;3.1;3.8;4.4;0.9;0.5;1.9;2.3;18.7
325;Caris LeVert;SG;27;CLE;6;1;29;5.7;13.8;0.41;0.8;3.2;0.263;4.8;10.7;0.453;0.44;1;1.3;0.75;0.5;1.8;2.3;4.2;1;0.3;1.3;1.7;13.2
326;Kira Lewis Jr.;PG;20;NOP;24;0;14.2;2.5;6.1;0.404;0.5;2.4;0.224;1.9;3.7;0.523;0.449;0.4;0.5;0.833;0.4;1.3;1.6;2;0.5;0;1.1;0.7;5.9
327;Scottie Lewis;SG;21;CHO;2;0;3.5;0;0;0;0;0;0;0;0;0;0;0.5;1;0.5;0;0;0;0.5;0.5;0;0;0;0.5
328;Damian Lillard;PG;31;POR;29;29;36.4;7.7;19;0.402;3.2;9.8;0.324;4.5;9.2;0.485;0.486;5.5;6.2;0.878;0.4;3.7;4.1;7.3;0.6;0.4;2.9;1.3;24
329;Nassir Little;SF;21;POR;42;23;25.9;3.5;7.5;0.46;1.2;3.7;0.331;2.2;3.8;0.584;0.541;1.6;2.2;0.734;1.4;4.2;5.6;1.3;0.6;0.9;1;2;9.8
330;Isaiah Livers;SF;23;DET;10;0;15.2;1.8;3.9;0.462;1.3;2.9;0.448;0.5;1;0.5;0.628;0;0;0;1;1.3;2.3;0.8;0.5;0.3;0.5;1.5;4.9
331;Kevon Looney;C;25;GSW;70;70;21.7;2.7;4.7;0.566;0;0;0;2.7;4.7;0.568;0.566;1;1.6;0.609;2.7;4.9;7.6;2;0.7;0.7;0.9;2.7;6.4
332;Brook Lopez;C;33;MIL;3;1;19.3;1.7;5.7;0.294;1.3;3.3;0.4;0.3;2.3;0.143;0.412;1;1.3;0.75;1;1.7;2.7;0.3;0.7;1;0.3;3.7;5.7
333;Robin Lopez;C;33;ORL;28;9;17.4;3.3;5.9;0.567;0.1;0.2;0.4;3.3;5.7;0.572;0.573;0.9;1.5;0.595;2;1.7;3.7;1.6;0;0.6;1.3;1.9;7.6
334;Didi Louzada;SF;22;NOP;2;0;3.5;0;1.5;0;0;1.5;0;0;0;0;0;0;0;0;1;0;1;0.5;0;0;0;0;0
335;Kevin Love;PF;33;CLE;61;3;22.2;4.3;10.3;0.421;2.4;6.2;0.388;1.9;4.1;0.47;0.538;2.6;3;0.853;1.1;6.1;7.2;2.1;0.3;0.2;1.3;1.2;13.7
336;Kyle Lowry;PG;35;MIA;53;53;34.2;4.1;9.8;0.416;2;5.9;0.347;2.1;4;0.517;0.519;2.4;2.8;0.853;0.5;4.1;4.7;7.8;1.1;0.3;2.9;2.7;12.6
337;Timothé Luwawu-Cabarrot;SF;26;ATL;41;12;11.6;1.3;3.4;0.384;0.8;2.3;0.366;0.5;1.1;0.422;0.507;0.5;0.5;0.864;0.2;1;1.3;0.6;0.3;0.1;0.3;1.2;3.9
338;Trey Lyles;PF;26;TOT;64;12;19.4;3.4;7.2;0.473;0.8;2.7;0.312;2.6;4.5;0.569;0.531;2.4;3.1;0.784;1.2;3.7;4.9;1.1;0.4;0.5;1;1.7;10.1
338;Trey Lyles;PF;26;DET;51;3;19.4;3.4;7.5;0.456;0.9;2.9;0.301;2.6;4.7;0.55;0.513;2.7;3.5;0.784;1.2;3.6;4.8;1.1;0.4;0.5;1.1;1.8;10.4
338;Trey Lyles;PF;26;SAC;13;9;19.4;3.3;5.9;0.558;0.8;2.1;0.37;2.5;3.8;0.66;0.623;1.4;1.8;0.783;1.4;3.9;5.3;0.8;0.2;0.2;0.8;1.5;8.8
339;Théo Maledon;PG;20;OKC;42;2;15.8;1.7;5;0.33;0.7;2.6;0.264;1;2.4;0.402;0.399;1.2;1.6;0.776;0.4;1.7;2.1;1.7;0.5;0.1;1;1.2;5.3
340;Sandro Mamukelashvili;PF;22;MIL;36;2;9.1;1.2;2.4;0.477;0.5;1.2;0.429;0.7;1.3;0.522;0.58;0.3;0.4;0.786;0.8;1;1.8;0.4;0.2;0.2;0.3;0.6;3.1
341;Terance Mann;SF;25;LAC;71;31;29;4.1;8.6;0.478;1;2.7;0.365;3.1;5.9;0.528;0.534;1.4;1.8;0.767;1.3;4.2;5.5;2.5;0.7;0.2;1;2.3;10.6
342;Tre Mann;PG;20;OKC;55;22;22;3.5;9.1;0.38;1.4;4.1;0.345;2.1;5;0.409;0.458;1;1.3;0.778;0.4;2.2;2.6;1.5;0.8;0.2;1.1;1.7;9.4
343;Boban Marjanovi?;C;33;DAL;19;0;5.3;1.9;3.1;0.621;0.1;0.2;0.333;1.8;2.9;0.636;0.629;0.4;0.8;0.5;0.4;1.2;1.6;0.1;0;0.1;0.6;1.1;4.3
344;Lauri Markkanen;PF;24;CLE;48;48;30.7;5;11.5;0.434;2.1;6;0.346;2.9;5.5;0.531;0.525;2.1;2.4;0.853;1;4.5;5.5;1.4;0.8;0.5;0.9;1.8;14.1
345;Naji Marshall;SF;24;NOP;42;2;11.9;1.7;4.4;0.392;0.4;2;0.195;1.4;2.5;0.548;0.435;1.1;1.5;0.762;0.7;1.8;2.5;1;0.6;0.1;0.8;1;5
346;Caleb Martin;SF;26;MIA;52;10;22.8;3.6;7;0.515;1;2.6;0.396;2.6;4.4;0.585;0.588;1.2;1.6;0.756;1.3;2.7;4;1.1;1;0.5;0.8;1.6;9.4
347;Cody Martin;SF;26;CHO;59;11;26.7;2.9;6.3;0.469;0.9;2.4;0.403;2;3.9;0.509;0.544;1.2;1.7;0.699;1.1;2.8;4;2.4;1.3;0.5;0.9;1.8;8.1
348;Kelan Martin;SF;26;TOT;30;1;15;2.3;5.7;0.409;0.7;2.5;0.293;1.6;3.2;0.5;0.474;0.3;0.4;0.692;0.6;1.3;1.8;0.7;0.4;0.3;0.5;1.2;5.7
348;Kelan Martin;SF;26;IND;27;1;16.4;2.6;6.2;0.417;0.8;2.7;0.297;1.8;3.5;0.511;0.482;0.3;0.5;0.692;0.6;1.4;2;0.8;0.5;0.3;0.5;1.3;6.3
348;Kelan Martin;SF;26;BOS;3;0;2;0;1;0;0;0.3;0;0;0.7;0;0;0;0;0;0.3;0.3;0.7;0;0;0;0;0;0
349;Kenyon Martin Jr.;SF;21;HOU;66;2;20.8;3.6;6.7;0.53;0.7;2;0.348;2.9;4.7;0.61;0.583;1;1.6;0.635;1;2.9;3.9;1.4;0.4;0.4;0.8;1.3;8.9
350;Garrison Mathews;SG;25;HOU;52;23;26.9;3;7.4;0.408;2.3;6.2;0.364;0.8;1.3;0.621;0.559;2.4;3;0.801;0.5;2.6;3.1;1;0.8;0.3;0.7;2.7;10.7
351;Dakota Mathias;SG;26;MEM;6;0;2.7;0.3;1;0.333;0.3;1;0.333;0;0;0;0.5;0;0;0;0;0.3;0.3;0.2;0.2;0;0;0.2;1
352;Wesley Matthews;SG;35;MIL;39;6;19.6;1.7;4.4;0.378;1;3.2;0.323;0.6;1.2;0.521;0.494;0.4;0.5;0.737;0.6;1.4;2;0.7;0.5;0.1;0.4;1.8;4.7
353;Tyrese Maxey;PG;21;PHI;61;60;35.8;6.4;13.3;0.483;1.6;3.8;0.412;4.9;9.5;0.511;0.542;2.9;3.4;0.861;0.3;3.1;3.4;4.3;0.7;0.4;1.1;2.1;17.4
354;Skylar Mays;SG;24;ATL;24;5;8.8;1.3;2.6;0.516;0.3;1;0.32;1;1.5;0.649;0.581;0.3;0.4;0.889;0.2;0.8;1;0.7;0.3;0;0.4;0.3;3.3
355;Miles McBride;PG;21;NYK;30;2;8.8;0.7;2.5;0.27;0.3;1.4;0.195;0.4;1.1;0.364;0.324;0.2;0.3;0.7;0.1;0.8;0.9;1.1;0.4;0;0.2;1.1;1.8
356;Mac McClung;PG;23;CHI;1;0;3;1;1;1;0;0;0;1;1;1;1;0;0;0;0;0;0;0;0;0;1;0;2
357;CJ McCollum;SG;30;TOT;49;49;35.2;8.7;18.9;0.462;3.1;7.9;0.389;5.6;11;0.514;0.543;1.6;2.4;0.69;1;3.6;4.6;5.1;1;0.4;2.1;2.1;22.1
357;CJ McCollum;SG;30;POR;36;36;35.2;8.1;18.5;0.436;3.1;8;0.384;5;10.4;0.476;0.52;1.3;1.9;0.706;0.9;3.3;4.3;4.5;1;0.6;1.9;2.1;20.5
357;CJ McCollum;SG;30;NOP;13;13;35.4;10.5;20;0.527;3.1;7.6;0.404;7.5;12.4;0.602;0.604;2.5;3.7;0.667;1;4.5;5.5;6.8;1.1;0;2.4;1.8;26.6
358;T.J. McConnell;PG;29;IND;24;6;24.2;3.8;7.5;0.503;0.3;1;0.28;3.5;6.5;0.538;0.522;0.5;0.6;0.8;0.8;2.5;3.3;4.8;1;0.4;1.2;1.8;8.4
359;Jaden McDaniels;PF;21;MIN;67;31;26.1;3.7;8.1;0.459;1.1;3.7;0.313;2.6;4.4;0.582;0.531;0.8;1;0.8;1.1;3.1;4.3;1.1;0.8;0.8;1.1;3.3;9.4
360;Jalen McDaniels;SF;24;CHO;43;2;17.2;2.3;4.9;0.476;0.7;2.1;0.352;1.6;2.8;0.571;0.552;0.8;1.2;0.7;0.7;2.6;3.3;1;0.5;0.4;0.7;1.7;6.2
361;Doug McDermott;PF;30;SAS;51;51;24;4.2;9.1;0.462;2.1;5;0.422;2.1;4.1;0.512;0.578;0.8;1;0.784;0.4;1.9;2.3;1.3;0.3;0.1;0.8;1.5;11.3
362;JaVale McGee;C;34;PHO;64;14;15.7;4;6.3;0.635;0;0.1;0.25;4;6.2;0.643;0.638;1.4;1.9;0.702;2.2;4.5;6.7;0.6;0.3;1.1;1.3;2.4;9.4
363;Cameron McGriff;SF;24;POR;3;0;15.3;1.7;4.7;0.357;0.7;2;0.333;1;2.7;0.375;0.429;0.7;0.7;1;2;3;5;1;0;0.3;0;2.3;4.7
364;Rodney McGruder;SG;30;DET;42;2;13.8;1.7;3.8;0.441;1;2.5;0.417;0.7;1.4;0.483;0.575;0.3;0.5;0.7;0.5;1.4;2;0.8;0.4;0.1;0.4;1;4.7
365;Alfonzo McKinnie;SF;29;CHI;17;3;12.1;1.4;3.6;0.393;0.5;1.6;0.333;0.9;2;0.441;0.467;0.1;0.5;0.25;0.8;1.2;1.9;0.3;0.1;0.2;0.4;1.5;3.5
366;JaQuori McLaughlin;PG;24;DAL;4;0;2.8;0;0.5;0;0;0.3;0;0;0.3;0;0;0;0;0;0;0;0;0.5;0;0;0;0.3;0
367;Jordan McLaughlin;PG;25;MIN;51;3;13.7;1.2;3.1;0.385;0.3;1.2;0.23;0.9;1.9;0.484;0.429;0.5;0.7;0.743;0.3;1.2;1.5;2.9;0.9;0.1;0.6;0.7;3.1
368;Ben McLemore;SG;28;POR;50;6;18.6;2.8;7.6;0.376;2.1;6;0.352;0.7;1.6;0.463;0.515;0.8;1;0.816;0.2;1.3;1.5;0.9;0.4;0.1;0.8;1.6;8.6
369;De'Anthony Melton;SG;23;MEM;61;13;22.5;3.6;9.3;0.385;1.6;4.7;0.337;2;4.6;0.435;0.471;1.1;1.6;0.726;0.9;3.5;4.4;2.7;1.6;0.6;1.5;1.7;9.9
370;Sam Merrill;SG;25;MEM;6;0;9.7;1.3;4;0.333;1.2;3.8;0.304;0.2;0.2;1;0.479;0.3;0.7;0.5;0.2;1;1.2;0.7;0;0;0.3;0.5;4.2
371;Chimezie Metu;C;24;SAC;49;20;20.9;3.3;7.3;0.447;0.9;3.2;0.29;2.4;4.2;0.566;0.51;1.1;1.4;0.775;0.6;4.9;5.5;1.1;0.8;0.5;0.9;1.5;8.6
372;Khris Middleton;SF;30;MIL;58;58;32.5;6.9;15.5;0.447;2.5;6.5;0.38;4.5;9;0.496;0.527;4.1;4.6;0.892;0.6;4.7;5.3;5.4;1.1;0.3;2.9;2.4;20.5
373;C.J. Miles;SG;34;BOS;1;0;2;0;0;0;0;0;0;0;0;0;0;0;0;0;0;0;0;0;0;0;0;1;0
374;Patty Mills;PG;33;BRK;69;46;30;4.4;10.5;0.418;3;7.3;0.414;1.3;3.2;0.427;0.562;0.6;0.8;0.811;0.2;1.7;2;2.4;0.7;0.2;0.9;1.4;12.4
375;Paul Millsap;PF;36;TOT;31;0;11.1;1.4;3.5;0.394;0.3;1.1;0.235;1.1;2.4;0.467;0.431;0.5;0.7;0.696;1.3;2.3;3.5;0.9;0.3;0.4;0.5;2;3.5
375;Paul Millsap;PF;36;BRK;24;0;11.3;1.3;3.5;0.376;0.3;1.1;0.222;1.1;2.4;0.448;0.412;0.5;0.7;0.706;1.2;2.5;3.7;1;0.2;0.5;0.5;2;3.4
375;Paul Millsap;PF;36;PHI;7;0;10.4;1.6;3.4;0.458;0.3;1;0.286;1.3;2.4;0.529;0.5;0.6;0.9;0.667;1.6;1.4;3;0.6;0.4;0.1;0.9;1.9;4
376;Shake Milton;PG;25;PHI;41;6;21.9;3.2;7.7;0.415;0.7;2.4;0.293;2.5;5.3;0.47;0.46;1.2;1.4;0.862;0.6;2.1;2.7;2.4;0.6;0.3;1;1.9;8.3
377;Davion Mitchell;PG;23;SAC;64;8;25.6;4.2;10.3;0.41;1.3;4.3;0.316;2.9;6;0.477;0.476;0.4;0.8;0.549;0.5;1.7;2.2;3.3;0.7;0.3;1.2;1.9;10.2
378;Donovan Mitchell;SG;25;UTA;57;57;33.6;9.2;20.5;0.451;3.5;9.9;0.359;5.7;10.6;0.536;0.537;3.7;4.4;0.841;0.8;3.3;4.1;5.5;1.5;0.2;3;2.5;25.7
379;Evan Mobley;PF;20;CLE;61;61;34.2;6.1;12.1;0.505;0.4;1.4;0.259;5.8;10.7;0.538;0.52;2.5;3.7;0.677;2;6.3;8.3;2.6;0.8;1.7;2;2.2;15.1
380;Malik Monk;SG;23;LAL;63;28;27.6;4.8;10.3;0.464;2.2;5.7;0.394;2.6;4.7;0.549;0.572;1.1;1.4;0.767;0.5;2.9;3.4;2.7;0.8;0.4;1.4;1.8;12.9
381;Greg Monroe;C;31;TOT;10;0;15.1;2.4;4.4;0.545;0;0;0;2.4;4.4;0.545;0.545;0.7;1.4;0.5;2.3;2.9;5.2;1.4;0.6;0.7;0.9;1.6;5.5
381;Greg Monroe;C;31;MIN;3;0;21;3;4.7;0.643;0;0;0;3;4.7;0.643;0.643;0.7;1.7;0.4;1.7;5.3;7;3.7;0.7;1.3;1.3;2.3;6.7
381;Greg Monroe;C;31;WAS;2;0;9;2;4;0.5;0;0;0;2;4;0.5;0.5;0;0;0;3.5;1.5;5;0.5;0.5;0.5;1;1;4
381;Greg Monroe;C;31;MIL;5;0;14;2.2;4.4;0.5;0;0;0;2.2;4.4;0.5;0.5;1;1.8;0.556;2.2;2;4.2;0.4;0.6;0.4;0.6;1.4;5.4
382;Moses Moody;SG;19;GSW;45;9;11.8;1.5;3.6;0.431;0.8;2.2;0.347;0.8;1.4;0.565;0.538;0.6;0.8;0.794;0.4;1.3;1.7;0.4;0.1;0.2;0.3;0.8;4.4
383;Xavier Moon;SG;27;LAC;6;0;13.8;2.3;5.7;0.412;0.5;1.7;0.3;1.8;4;0.458;0.456;0.3;0.5;0.667;0.2;1.3;1.5;1.7;0.8;0.2;0.5;0.7;5.5
384;Matt Mooney;SG;24;NYK;1;0;2;0;1;0;0;1;0;0;0;0;0;0;0;0;0;0;0;0;1;0;1;0;0
385;Ja Morant;PG;22;MEM;55;55;33.3;10.2;20.7;0.493;1.6;4.6;0.341;8.7;16.1;0.536;0.531;5.5;7.3;0.762;1.3;4.4;5.8;6.7;1.2;0.4;3.4;1.5;27.5
386;Juwan Morgan;PF;24;TOR;1;0;27;2;3;0.667;1;2;0.5;1;1;1;0.833;0;0;0;2;2;4;1;0;0;0;3;5
387;Jaylen Morris;SG;26;SAS;3;0;5.3;0;2;0;0;0.7;0;0;1.3;0;0;0.7;1.3;0.5;0;0.7;0.7;0.7;0;0;0.3;0.7;0.7
388;Marcus Morris;PF;32;LAC;46;46;29.7;5.9;13.3;0.442;2;5.2;0.388;3.8;8.1;0.477;0.518;2.5;2.8;0.883;0.5;4.1;4.7;2.2;0.5;0.3;1.3;2.3;16.2
389;Markieff Morris;PF;32;MIA;12;0;18.4;3.2;6.9;0.458;0.8;2.2;0.346;2.4;4.8;0.509;0.512;0.6;0.6;1;1.2;1.8;3;1.3;0.3;0.1;1.5;2.1;7.7
390;Monte Morris;PG;26;DEN;64;63;30;5.2;10.6;0.489;1.7;4.3;0.389;3.5;6.3;0.557;0.568;0.9;1.1;0.845;0.3;2.6;3;4.3;0.7;0.2;1;1.2;13
391;Emmanuel Mudiay;PG;25;SAC;2;0;5.5;0;1;0;0;0;0;0;1;0;0;1.5;2;0.75;0;0;0;2;0.5;0;0.5;0.5;1.5
392;Mychal Mulder;PG;27;ORL;15;2;13;1.3;4.5;0.299;0.9;3.1;0.283;0.5;1.4;0.333;0.396;0.1;0.1;1;0.1;1.3;1.4;0.2;0.3;0.1;0.5;0.8;3.7
393;Ade Murkey;SG;24;SAC;1;0;1;0;0;0;0;0;0;0;0;0;0;0;0;0;0;0;0;0;0;0;0;0;0
394;Trey Murphy III;SF;21;NOP;49;0;12.8;1.5;3.9;0.38;1;2.7;0.366;0.5;1.2;0.414;0.508;0.6;0.7;0.829;0.7;1.5;2.2;0.6;0.3;0.1;0.2;1;4.6
395;Dejounte Murray;PG;25;SAS;61;61;34.7;8.5;18.2;0.464;1.3;4.1;0.316;7.2;14.1;0.506;0.499;2.7;3.4;0.786;1.2;7.1;8.4;9.4;2.1;0.3;2.6;2.1;20.9
396;Mike Muscala;C;30;OKC;43;0;13.8;2.6;5.8;0.456;1.6;3.8;0.429;1;2;0.506;0.597;1.1;1.3;0.842;0.5;2.5;3;0.5;0.4;0.6;0.3;1.3;8
397;Svi Mykhailiuk;SF;24;TOR;51;5;13.6;1.7;4.4;0.393;0.7;2.5;0.302;1;1.9;0.51;0.478;0.6;0.7;0.853;0.4;1.4;1.8;0.8;0.5;0.1;0.5;1;4.8
398;Abdel Nader;SF;28;PHO;14;0;10.4;0.9;2.5;0.343;0.3;1;0.286;0.6;1.5;0.381;0.4;0.4;0.7;0.6;0.3;1.6;1.9;0.5;0.6;0.3;0.8;1.4;2.4
399;Larry Nance Jr.;PF;29;POR;37;11;23.2;2.8;5.4;0.515;0.5;1.7;0.306;2.2;3.7;0.61;0.563;0.9;1.3;0.653;1.6;4.1;5.6;2;1;0.4;0.7;1.8;6.9
400;RJ Nembhard Jr.;SG;22;CLE;10;0;5.4;0.6;1.5;0.4;0;0.2;0;0.6;1.3;0.462;0.4;0.3;0.4;0.75;0.2;0.3;0.5;1.1;0;0;0.2;0.2;1.5
401;Aaron Nesmith;SF;22;BOS;45;2;10.5;1.2;3.4;0.366;0.5;2.1;0.242;0.7;1.3;0.569;0.441;0.4;0.4;0.842;0.3;1.4;1.7;0.4;0.3;0.1;0.6;1.2;3.4
402;Raul Neto;PG;29;WAS;59;15;20.7;3.1;6.7;0.457;0.5;1.8;0.28;2.6;4.9;0.522;0.495;1.2;1.6;0.753;0.2;1.8;2.1;3.2;0.8;0;1.1;1.6;7.9
403;Malik Newman;PG;24;CLE;1;0;8;3;5;0.6;0;1;0;3;4;0.75;0.6;2;2;1;0;1;1;1;0;0;1;0;8
404;Georges Niang;PF;28;PHI;64;6;23.2;3.3;7.7;0.431;2;5.2;0.394;1.3;2.5;0.506;0.563;0.8;0.9;0.875;0.4;2.3;2.7;1.4;0.4;0.2;0.8;2.6;9.4
405;Daishen Nix;SG;19;HOU;13;0;10;1.4;2.8;0.5;0.4;1.1;0.357;1;1.7;0.591;0.569;0.5;0.8;0.545;0.2;0.9;1.2;1.6;0.6;0;0.9;0.7;3.6
406;Zeke Nnaji;PF;21;DEN;40;1;16.8;2.4;4.4;0.537;0.9;1.9;0.487;1.5;2.5;0.574;0.641;1;1.6;0.613;1.4;2.3;3.6;0.4;0.4;0.3;0.6;1.9;6.6
407;Nerlens Noel;C;27;NYK;25;11;22.5;1.3;2.4;0.533;0;0.1;0;1.3;2.3;0.561;0.533;0.8;1.2;0.7;1.9;3.7;5.6;0.9;1.2;1.2;0.8;2.7;3.4
408;Jaylen Nowell;SG;22;MIN;52;1;15.4;3.2;6.5;0.485;0.9;2.4;0.379;2.3;4.1;0.547;0.555;1;1.4;0.761;0.4;1.7;2;2.2;0.5;0.1;0.6;1.2;8.3
409;Frank Ntilikina;PG;23;DAL;49;5;12.2;1.5;3.9;0.375;0.7;2;0.34;0.8;1.9;0.413;0.464;0.5;0.5;0.958;0.2;1.2;1.3;1.1;0.5;0.1;0.5;1;4.1
410;Jusuf Nurki?;C;27;POR;56;56;28.2;5.7;10.7;0.535;0.3;1;0.268;5.5;9.7;0.563;0.548;3.3;4.8;0.69;3;8.1;11.1;2.8;1.1;0.6;2.6;3.4;15
411;David Nwaba;SF;29;HOU;44;4;13.4;1.9;4;0.483;0.3;1.1;0.313;1.6;2.9;0.548;0.526;1.1;1.5;0.716;0.9;2.5;3.4;0.8;0.6;0.4;0.5;1.3;5.3
412;Jordan Nwora;SF;23;MIL;54;11;19.2;3;7.4;0.408;1.3;3.8;0.35;1.7;3.6;0.467;0.496;0.4;0.5;0.808;0.6;3;3.6;1;0.5;0.3;0.9;1.2;7.7
413;Royce O'Neale;SF;28;UTA;65;65;31.4;2.8;5.7;0.492;1.6;3.8;0.416;1.2;1.9;0.648;0.632;0.6;0.8;0.8;0.8;4.1;5;2.6;1.2;0.4;1;2.4;7.8
414;Semi Ojeleye;PF;27;TOT;27;0;13.7;1;3.1;0.318;0.5;1.7;0.304;0.5;1.4;0.333;0.4;0.6;0.8;0.714;1;1.5;2.5;0.3;0.2;0.2;0.3;1.1;3.1
414;Semi Ojeleye;PF;27;MIL;20;0;15.4;0.9;3.5;0.257;0.6;2.1;0.268;0.4;1.5;0.241;0.336;0.5;0.7;0.769;1.3;1.7;2.9;0.3;0.3;0.3;0.3;1.3;2.9
414;Semi Ojeleye;PF;27;LAC;7;0;8.7;1.3;2.1;0.6;0.4;0.7;0.6;0.9;1.4;0.6;0.7;0.7;1.1;0.625;0.1;1.1;1.3;0.4;0;0.1;0.6;0.4;3.7
415;Chuma Okeke;PF;23;ORL;59;12;24.2;3;7.9;0.381;1.5;4.9;0.31;1.5;3;0.497;0.478;0.8;0.9;0.855;0.7;4.1;4.7;1.7;1.4;0.6;0.7;1.4;8.4
416;Josh Okogie;SG;23;MIN;41;6;11.1;0.8;2.1;0.368;0.3;1;0.286;0.5;1.1;0.444;0.437;0.7;1;0.659;0.6;1;1.6;0.5;0.5;0.2;0.5;1.1;2.5
417;Onyeka Okongwu;C;21;ATL;35;6;20.9;3.6;5.1;0.709;0;0;0;3.6;5.1;0.709;0.709;1.7;2.3;0.744;2.4;3.1;5.5;1.1;0.6;1.3;1;3.2;9
418;Isaac Okoro;SF;21;CLE;54;48;29.4;3.2;6.8;0.47;0.8;2.5;0.331;2.4;4.3;0.552;0.531;2;2.5;0.794;1.1;2.1;3.2;1.8;0.8;0.3;1;2.6;9.2
419;KZ Okpala;PF;22;MIA;21;0;11.6;1.4;3.3;0.435;0.4;1.2;0.346;1;2;0.488;0.5;0.4;0.5;0.727;0.5;1.4;2;0.7;0.2;0.3;0.2;1.2;3.7
420;Victor Oladipo;SG;29;MIA;4;0;16.3;2.3;5;0.45;0.5;2.3;0.222;1.8;2.8;0.636;0.5;0.5;0.8;0.667;0;1.3;1.3;2.8;0;0.3;0.3;1.5;5.5
421;Cameron Oliver;SF;25;ATL;2;0;21.5;5;7.5;0.667;0.5;1.5;0.333;4.5;6;0.75;0.7;1;1.5;0.667;1;2;3;1.5;0.5;0.5;0;2.5;11.5
422;Kelly Olynyk;C;30;DET;32;1;19.2;3.2;7.4;0.429;1;3;0.333;2.2;4.4;0.493;0.496;1.6;2.2;0.754;1.5;3.1;4.6;2.7;0.8;0.4;1.5;2.6;9
423;Eugene Omoruyi;SF;24;DAL;4;0;4.5;0.5;1.3;0.4;0.3;0.5;0.5;0.3;0.8;0.333;0.5;0.5;1;0.5;0.5;1.3;1.8;0.5;0;0;0;0.5;1.8
424;Miye Oni;SG;24;UTA;16;0;2.8;0.1;0.6;0.222;0.1;0.5;0.125;0.1;0.1;1;0.278;0;0.1;0;0.1;0.4;0.4;0.3;0;0;0.1;0.4;0.3
425;Cedi Osman;SF;26;CLE;56;3;23;3.8;9.1;0.422;2;5.7;0.355;1.8;3.4;0.534;0.534;1.3;2;0.649;0.3;1.8;2.2;2.1;0.9;0.1;1;1.9;11
426;Daniel Oturu;C;22;TOR;3;0;9;1;2;0.5;0;0.3;0;1;1.7;0.6;0.5;1;1.7;0.6;0.3;1.3;1.7;0;0;0.7;0;0.3;3
427;Kelly Oubre Jr.;SF;26;CHO;64;13;27.6;5.7;13.1;0.437;2.7;7.7;0.344;3.1;5.4;0.571;0.539;1.7;2.6;0.665;1.1;2.9;4;1.2;1.1;0.4;1;2.6;15.8
428;Jaysean Paige;PG;27;DET;1;0;7;0;3;0;0;2;0;0;1;0;0;0;0;0;0;1;1;1;0;0;1;2;0
429;Trayvon Palmer;SG;27;DET;1;0;17;0;1;0;0;0;0;0;1;0;0;0;0;0;0;2;2;0;0;0;1;2;0
430;Kevin Pangos;PG;29;CLE;24;3;6.9;0.6;1.9;0.326;0.3;1.1;0.231;0.4;0.8;0.45;0.391;0.1;0.2;0.75;0.1;0.4;0.5;1.3;0.1;0;0.3;0.5;1.6
431;Jabari Parker;PF;26;BOS;12;0;9.3;1.5;3.2;0.474;0.7;1.3;0.5;0.8;1.8;0.455;0.579;0.8;0.8;1;0.4;1.9;2.3;0.5;0.3;0.1;0.7;1.1;4.4
432;Eric Paschall;PF;25;UTA;50;1;12.7;1.8;3.7;0.481;0.7;1.9;0.379;1.1;1.8;0.587;0.578;1.1;1.5;0.77;0.5;1.4;1.9;0.6;0.1;0.1;0.5;0.9;5.5
433;Chris Paul;PG;36;PHO;58;58;33;5.6;11.5;0.487;1;3.1;0.33;4.6;8.4;0.546;0.532;2.7;3.2;0.843;0.3;4.2;4.5;10.7;1.9;0.3;2.4;2;14.9
434;Cameron Payne;PG;27;PHO;49;9;22.2;4.2;10.3;0.406;1.2;3.7;0.339;3;6.7;0.443;0.466;1.5;1.7;0.847;0.4;2.6;3;4.7;0.7;0.3;1.9;2.1;11.1
435;Elfrid Payton;PG;27;PHO;44;0;10.8;1.4;3.5;0.401;0.1;0.4;0.25;1.3;3.1;0.419;0.414;0.3;0.6;0.393;0.5;1.3;1.8;2;0.5;0.1;0.9;0.8;3.1
436;Gary Payton II;PG;29;GSW;60;14;17.1;3;4.8;0.612;0.7;1.8;0.364;2.3;3;0.758;0.68;0.5;0.9;0.574;1;2.5;3.4;0.8;1.4;0.3;0.5;1.8;7.1
437;Norvel Pelle;C;28;UTA;3;0;6.3;1;1.7;0.6;0;0;0;1;1.7;0.6;0.6;0;0;0;1;1;2;0;0;0.3;0.7;0.3;2
438;Reggie Perry;PF;21;TOT;3;0;17;1.7;3.3;0.5;0.3;0.7;0.5;1.3;2.7;0.5;0.55;0.7;0.7;1;0.7;2;2.7;0.7;0.3;0;0.3;3;4.3
438;Reggie Perry;PF;21;POR;2;0;20.5;2;4.5;0.444;0.5;1;0.5;1.5;3.5;0.429;0.5;1;1;1;1;2.5;3.5;1;0.5;0;0.5;3;5.5
438;Reggie Perry;PF;21;IND;1;0;10;1;1;1;0;0;0;1;1;1;1;0;0;0;0;1;1;0;0;0;0;3;2
439;Jamorko Pickett;PF;24;DET;7;0;8.1;0.6;2;0.286;0.4;1.4;0.3;0.1;0.6;0.25;0.393;0;0;0;0.4;1.3;1.7;0.1;0;0.1;0.4;0.6;1.6
440;Theo Pinson;SF;26;DAL;16;0;7.5;0.6;2;0.281;0.4;1.6;0.24;0.2;0.4;0.429;0.375;0.3;0.3;1;0.1;1.1;1.2;0.8;0.3;0.1;0.1;0.6;1.8
441;Mason Plumlee;C;31;CHO;61;61;25.2;2.9;4.5;0.641;0;0;0;2.9;4.4;0.646;0.641;0.9;2.4;0.37;2.5;5.6;8.1;3.2;0.9;0.7;1.3;3.1;6.6
442;Jakob Poeltl;C;26;SAS;58;57;29.2;6.1;9.8;0.622;0;0;1;6.1;9.8;0.621;0.623;1.4;2.9;0.494;3.9;5.3;9.2;2.9;0.7;1.7;1.7;3.2;13.7
443;Aleksej Pokusevski;PF;20;OKC;53;5;18.3;2.8;6.7;0.415;0.8;2.8;0.282;2;3.9;0.51;0.473;0.5;0.7;0.684;1.2;3.6;4.8;1.5;0.6;0.6;1.3;1.3;6.9
444;Yves Pons;SF;22;MEM;8;0;3.6;0.3;0.5;0.5;0.1;0.1;1;0.1;0.4;0.333;0.625;0;0.3;0;0.4;0.4;0.8;0;0;0;0;0.3;0.6
445;Jordan Poole;SG;22;GSW;64;39;29;5.9;12.9;0.456;2.5;7;0.361;3.3;5.8;0.57;0.554;2.9;3.1;0.915;0.4;2.7;3.1;3.6;0.9;0.3;2.3;2.6;17.1
446;Kevin Porter Jr.;PG;21;HOU;48;48;30.4;4.9;12.1;0.401;2.4;6.3;0.373;2.5;5.8;0.432;0.498;1.9;3.2;0.595;0.7;3.4;4.1;6;1.2;0.3;3.4;2.6;14
447;Michael Porter Jr.;SF;23;DEN;9;9;29.4;4.1;11.4;0.359;1.1;5.3;0.208;3;6.1;0.491;0.408;0.6;1;0.556;1;5.6;6.6;1.9;1.1;0.2;1.3;1.8;9.9
448;Otto Porter Jr.;PF;28;GSW;55;15;21.5;3;6.5;0.462;1.3;3.6;0.372;1.7;3;0.571;0.564;0.7;0.9;0.78;1.1;4.1;5.3;1.5;1.1;0.5;0.5;1.3;8.1
449;Bobby Portis;C;26;MIL;61;56;28.9;6;12.3;0.484;2;4.9;0.405;4;7.4;0.537;0.565;1.3;1.8;0.752;2.5;6.6;9.1;1.2;0.8;0.8;1.3;2.5;15.3
450;Kristaps Porzi??is;PF;26;TOT;39;39;28.8;6.6;14.6;0.454;1.4;4.9;0.286;5.2;9.7;0.54;0.503;4.6;5.3;0.865;1.9;5.6;7.6;2;0.7;1.7;1.5;2.6;19.3
450;Kristaps Porzi??is;PF;26;DAL;34;34;29.5;6.7;14.9;0.451;1.4;5.1;0.283;5.3;9.9;0.537;0.499;4.3;5;0.865;1.9;5.8;7.7;2;0.7;1.7;1.6;2.6;19.2
450;Kristaps Porzi??is;PF;26;WAS;5;5;24.6;6;12.4;0.484;1.2;3.8;0.316;4.8;8.6;0.558;0.532;6.6;7.6;0.868;2.4;4.6;7;2;0.4;1.4;1.4;2.6;19.8
451;Micah Potter;C;23;DET;3;0;10.3;1.7;3.7;0.455;0;0.7;0;1.7;3;0.556;0.455;0.7;0.7;1;1.3;1.7;3;0;0.3;0.3;0.3;1.3;4
452;Dwight Powell;C;30;DAL;69;58;21.2;3;4.6;0.653;0.2;0.5;0.371;2.8;4.1;0.688;0.674;1.8;2.3;0.765;2.1;2.5;4.7;1.1;0.5;0.4;0.8;2.6;8
453;Myles Powell;PG;24;PHI;11;0;4.7;0.5;1.5;0.294;0.1;0.5;0.167;0.4;1;0.364;0.324;0.2;0.2;1;0.1;0.5;0.5;0.3;0.1;0;0.3;0.7;1.2
454;Norman Powell;SF-SG;28;TOT;43;41;32.9;6.2;13.6;0.457;2.3;5.7;0.407;3.9;7.9;0.493;0.542;4.1;5.1;0.807;0.5;2.8;3.3;2.2;1;0.4;1.6;2.3;18.8
454;Norman Powell;SF;28;POR;40;39;33.3;6.2;13.6;0.456;2.3;5.7;0.406;3.9;7.8;0.492;0.542;4;5;0.803;0.4;2.9;3.3;2.1;1;0.4;1.6;2.3;18.7
454;Norman Powell;SG;28;LAC;3;2;26.7;6.7;14;0.476;2;4.7;0.429;4.7;9.3;0.5;0.548;5.7;6.7;0.85;1;2;3;4;0.7;0.7;1.7;2.7;21
455;Joshua Primo;SG;19;SAS;38;4;16.8;1.7;4.7;0.367;0.8;2.5;0.313;0.9;2.1;0.432;0.452;0.7;1;0.73;0.8;1.5;2.2;1.4;0.3;0.4;0.9;1.4;4.9
456;Taurean Prince;PF;27;MIN;59;8;16.5;2.4;5.3;0.455;1.2;3.2;0.376;1.2;2.1;0.573;0.568;0.8;1.1;0.746;0.3;2.1;2.4;0.9;0.7;0.3;0.8;1.5;6.8
457;Payton Pritchard;SG;24;BOS;59;2;12.9;1.9;4.8;0.396;1.1;3;0.369;0.8;1.8;0.439;0.511;0.3;0.3;1;0.4;1.3;1.6;1.7;0.2;0.1;0.6;0.9;5.2
458;Trevelin Queen;SG;24;HOU;10;0;7.4;1.5;3.3;0.455;0.9;2.4;0.375;0.6;0.9;0.667;0.591;0.4;0.4;1;0.7;0.9;1.6;0.4;0.5;0.1;0.7;0.6;4.3
459;Neemias Queta;C;22;SAC;10;0;5.6;0.9;2.3;0.391;0;0;0;0.9;2.3;0.391;0.391;0.3;0.5;0.6;1.1;0.8;1.9;0.4;0.1;0.4;0.4;1.1;2.1
460;Immanuel Quickley;PG;22;NYK;65;2;22;3.3;8.6;0.383;1.6;4.8;0.341;1.6;3.8;0.437;0.478;2;2.1;0.914;0.4;2.4;2.8;3.1;0.6;0;1.3;2.2;10.1
461;Jahmi'us Ramsey;SG;20;SAC;19;0;7.1;1.3;3.1;0.414;0.3;0.9;0.278;1;2.1;0.475;0.457;0.4;0.7;0.5;0.2;0.5;0.7;0.4;0.1;0.1;0.3;0.5;3.2
462;Julius Randle;PF;27;NYK;67;67;35.5;7.2;17.3;0.418;1.7;5.3;0.313;5.6;12;0.465;0.466;4.3;5.6;0.77;1.7;8.2;9.9;5.2;0.8;0.6;3.4;2.9;20.4
463;Austin Reaves;SG;23;LAL;50;11;22.4;2.3;4.8;0.479;0.8;2.6;0.318;1.4;2.1;0.679;0.567;1.2;1.5;0.838;0.5;2.2;2.7;1.3;0.4;0.4;0.6;1.5;6.6
464;Cam Reddish;SF;22;TOT;49;7;20.7;3.4;8.3;0.404;1.3;3.8;0.359;2;4.6;0.442;0.485;2.1;2.3;0.902;0.5;1.6;2.1;1;1;0.3;1.2;1.2;10.1
464;Cam Reddish;SF;22;ATL;34;7;23.4;4.1;10.1;0.402;1.7;4.5;0.379;2.4;5.6;0.421;0.487;2.1;2.4;0.9;0.6;1.9;2.5;1.1;1;0.3;1.3;1.3;11.9
464;Cam Reddish;SF;22;NYK;15;0;14.3;1.8;4.3;0.415;0.5;2.1;0.258;1.3;2.3;0.559;0.477;1.9;2.1;0.906;0.3;1.1;1.4;0.7;0.8;0.3;0.9;1;6.1
465;Davon Reed;SG;26;DEN;38;5;13.5;1.6;3.3;0.492;0.8;1.9;0.444;0.8;1.4;0.556;0.619;0.2;0.3;0.8;0.3;2;2.3;1;0.5;0.2;0.3;1.3;4.3
466;Paul Reed;C;22;PHI;29;2;8.4;1.1;2.3;0.463;0.1;0.2;0.333;1;2.1;0.475;0.478;0.1;0.3;0.4;1.1;1.2;2.4;0.4;0.7;0.4;0.3;1.3;2.3
467;Naz Reid;C;22;MIN;66;5;16;3;6.2;0.489;0.7;2.1;0.348;2.3;4.1;0.56;0.547;1.6;2;0.763;1.4;2.7;4;0.9;0.5;1;1.1;2.2;8.4
468;Nick Richards;C;24;CHO;45;5;7.8;1.3;1.9;0.671;0;0;0;1.3;1.9;0.671;0.671;0.7;1;0.698;0.7;1.1;1.8;0.3;0.2;0.4;0.5;1.1;3.2
469;Josh Richardson;SG;28;TOT;54;5;24.3;3.3;7.8;0.43;1.4;3.4;0.408;1.9;4.4;0.447;0.519;1.3;1.5;0.867;0.7;2.2;2.9;1.6;0.7;0.5;1;1.8;9.4
469;Josh Richardson;SG;28;BOS;44;0;24.7;3.5;7.8;0.443;1.4;3.5;0.397;2;4.3;0.481;0.534;1.4;1.6;0.859;0.6;2.3;2.8;1.5;0.8;0.5;0.9;1.9;9.7
469;Josh Richardson;SG;28;SAS;10;5;22.4;2.8;7.6;0.368;1.3;2.8;0.464;1.5;4.8;0.313;0.454;1.1;1.2;0.917;1.2;1.9;3.1;2.3;0.6;0.5;1.3;1.6;8
470;Austin Rivers;SG;29;DEN;55;16;21.9;2.3;5.5;0.419;1.2;3.6;0.342;1.1;1.9;0.569;0.532;0.5;0.7;0.711;0.3;1.4;1.7;1.3;0.8;0.1;0.8;1.7;6.3
471;Duncan Robinson;SG;27;MIA;67;62;26.6;3.8;9.5;0.396;3;8.1;0.366;0.8;1.4;0.563;0.552;0.7;0.9;0.842;0.3;2.4;2.8;1.7;0.5;0.2;0.8;2.6;11.2
472;Justin Robinson;PG;24;TOT;25;0;12.2;1.1;3.7;0.301;0.7;2.4;0.295;0.4;1.3;0.313;0.398;0.2;0.3;0.5;0.2;0.7;0.8;1.3;0.4;0;0.7;1.1;3.1
472;Justin Robinson;PG;24;MIL;17;0;11.6;1.1;3.4;0.316;0.6;2.2;0.27;0.5;1.2;0.4;0.404;0.1;0.1;1;0.1;0.6;0.8;1.2;0.5;0;0.6;1;2.8
472;Justin Robinson;PG;24;SAC;3;0;5;0.3;2.7;0.125;0;1;0;0.3;1.7;0.2;0.125;0;0;0;0;0.3;0.3;0.7;0;0;0.3;0.7;0.7
472;Justin Robinson;PG;24;DET;5;0;18.2;1.8;5.6;0.321;1.6;4.2;0.381;0.2;1.4;0.143;0.464;0.4;1.2;0.333;0.4;1;1.4;1.8;0.2;0.2;1;1.6;5.6
473;Mitchell Robinson;C;23;NYK;63;54;25.1;3.6;4.7;0.771;0;0;0;3.6;4.7;0.771;0.771;1.2;2.4;0.487;3.9;4.8;8.7;0.5;0.7;1.8;0.8;2.7;8.3
474;Jeremiah Robinson-Earl;C;21;OKC;44;36;23;2.7;6.6;0.401;1.1;3.4;0.333;1.5;3.2;0.472;0.486;0.7;1;0.714;1.6;4.2;5.8;1;0.6;0.3;0.8;1.7;7.1
475;Isaiah Roby;PF;23;OKC;32;16;18.1;3.1;6;0.518;0.7;1.7;0.4;2.4;4.3;0.565;0.575;1.5;2.1;0.727;1.4;2.8;4.1;1.1;0.7;0.5;0.8;2.3;8.4
476;Rajon Rondo;PG;35;TOT;35;1;18.1;1.8;4.7;0.382;0.7;2.3;0.329;1.1;2.5;0.43;0.461;0.5;0.7;0.731;0.4;2.5;2.9;4.2;0.7;0.2;1.8;1.4;4.9
476;Rajon Rondo;PG;35;LAL;18;0;16.1;1.3;3.9;0.324;0.4;1.7;0.267;0.8;2.3;0.366;0.38;0.1;0.1;0.5;0.6;2.2;2.7;3.7;0.7;0.3;1.9;1.4;3.1
476;Rajon Rondo;PG;35;CLE;17;1;20.4;2.4;5.5;0.426;1.1;2.9;0.367;1.3;2.6;0.489;0.521;1.1;1.4;0.75;0.2;2.8;3;4.6;0.8;0.1;1.8;1.4;6.8
477;Derrick Rose;PG;33;NYK;26;4;24.5;4.7;10.5;0.445;1.4;3.5;0.402;3.3;7;0.467;0.513;1.2;1.2;0.968;0.8;2.2;3;4;0.8;0.5;1.5;0.6;12
478;Terrence Ross;SG;30;ORL;59;0;23.3;3.5;8.8;0.395;1.2;4.2;0.296;2.3;4.7;0.484;0.465;1.8;2.1;0.868;0.3;2.2;2.5;1.9;0.5;0.2;1.3;1.1;10
479;Terry Rozier;SG;27;CHO;61;61;34;7.2;16.3;0.443;3.1;8.3;0.378;4;7.9;0.51;0.539;2.1;2.6;0.84;0.8;3.6;4.3;4.4;1.3;0.3;1.3;1.6;19.7
480;Ricky Rubio;PG;31;CLE;34;8;28.5;4.4;12.1;0.363;1.7;5.1;0.339;2.6;7;0.38;0.434;2.6;3;0.854;0.4;3.7;4.1;6.6;1.4;0.2;2.6;2.2;13.1
481;D'Angelo Russell;PG;25;MIN;56;56;32.2;6.4;15.3;0.414;2.9;8.2;0.347;3.5;7.1;0.492;0.508;3;3.7;0.824;0.4;3;3.4;7.1;1;0.4;2.6;2.1;18.6
482;Domantas Sabonis;C-PF;25;TOT;60;59;34.5;7.1;12.4;0.572;0.6;2.1;0.301;6.5;10.4;0.625;0.597;3.9;5.3;0.741;3.2;8.8;12;5.2;0.9;0.4;3.2;3.3;18.7
482;Domantas Sabonis;C;25;IND;47;46;34.7;7;12.1;0.58;0.7;2.3;0.324;6.3;9.9;0.639;0.61;4.1;5.5;0.74;3.3;8.8;12.1;5;1;0.5;3;3.1;18.9
482;Domantas Sabonis;PF;25;SAC;13;13;33.6;7.3;13.4;0.546;0.2;1.2;0.133;7.2;12.2;0.585;0.552;3.3;4.5;0.741;2.9;8.8;11.8;5.8;0.8;0.3;3.5;3.8;18.1
483;Olivier Sarr;C;22;OKC;13;1;15.2;1.8;3.6;0.511;0.4;1;0.385;1.5;2.6;0.559;0.564;0.7;0.9;0.75;1.4;2.1;3.5;0.6;0.2;0.5;1;2.2;4.8
484;Tomá Satoransk?;SG;30;TOT;41;3;14.6;1;3.1;0.328;0.1;0.9;0.167;0.9;2.2;0.391;0.352;0.8;0.9;0.816;0.5;1.5;2;2.3;0.5;0.1;0.7;1;3
484;Tomá Satoransk?;SG;30;NOP;32;3;15;1;3.3;0.299;0.2;1;0.161;0.8;2.4;0.355;0.322;0.6;0.8;0.76;0.6;1.4;2;2.4;0.4;0;0.7;1;2.8
484;Tomá Satoransk?;SG;30;SAS;1;0;9;0;0;0;0;0;0;0;0;0;0;3;4;0.75;0;1;1;0;0;0;0;0;3
484;Tomá Satoransk?;SG;30;WAS;8;0;13.8;1.3;2.6;0.476;0.1;0.6;0.2;1.1;2;0.563;0.5;1.1;1.1;1;0.3;1.6;1.9;2.4;0.9;0.4;0.6;1.1;3.8
485;Jordan Schakel;SG;23;WAS;2;0;7;0;3;0;0;1.5;0;0;1.5;0;0;0;0;0;1;0.5;1.5;0;0;0;0;0;0
486;Admiral Schofield;SF;24;ORL;30;1;10.4;1.2;2.8;0.446;0.5;1.6;0.313;0.7;1.2;0.629;0.536;0.2;0.3;0.7;0.4;1.5;1.9;0.6;0.1;0.1;0.5;1.3;3.2
487;Dennis Schröder;SG-PG;28;TOT;58;29;29.2;5;11.7;0.43;1.3;4;0.338;3.7;7.7;0.478;0.487;2.4;2.9;0.844;0.6;2.8;3.4;4.7;0.8;0.1;2.2;2.4;13.8
487;Dennis Schröder;SG;28;BOS;49;25;29.2;5.2;11.9;0.44;1.4;3.9;0.349;3.9;8;0.485;0.497;2.5;3;0.848;0.6;2.8;3.3;4.2;0.8;0.1;2.1;2.4;14.4
487;Dennis Schröder;PG;28;HOU;9;4;28.7;3.8;10.3;0.366;1.2;4.3;0.282;2.6;6;0.426;0.425;2;2.4;0.818;0.7;3.1;3.8;7.1;0.4;0.1;2.7;2.9;10.8
488;Tre Scott;SF;25;CLE;2;0;5.5;1.5;3;0.5;0;0.5;0;1.5;2.5;0.6;0.5;0;0;0;0.5;0.5;1;0;0.5;0.5;0;1;3
489;Jay Scrubb;SG;21;LAC;18;0;6.7;1;2.6;0.391;0.3;1.2;0.286;0.7;1.4;0.48;0.457;0.4;0.6;0.7;0.1;0.8;0.9;0.4;0.2;0.2;0.4;0.5;2.7
490;Wayne Selden;SG;27;NYK;3;0;6.3;0.3;1.3;0.25;0.3;0.7;0.5;0;0.7;0;0.375;0.7;1.3;0.5;0;0.3;0.3;0.3;0;0;0;0.3;1.7
491;Alperen Þengün;C;19;HOU;61;8;19.4;3.2;6.9;0.47;0.4;1.4;0.253;2.9;5.4;0.527;0.496;2.1;3.1;0.686;1.8;3.3;5;2.4;0.9;0.9;2;3;9
492;Collin Sexton;SG;23;CLE;11;11;28.7;6.2;13.7;0.45;1;4.1;0.244;5.2;9.6;0.538;0.487;2.6;3.5;0.744;1.2;2.1;3.3;2.1;0.9;0;2.8;2.3;16
493;Landry Shamet;SG;24;PHO;57;11;20.4;2.5;6.6;0.372;1.7;4.6;0.363;0.8;2;0.395;0.499;1.1;1.3;0.847;0.2;1.6;1.8;1.6;0.4;0.1;0.6;1.3;7.6
494;Day'Ron Sharpe;PF;20;BRK;32;8;12.2;2.7;4.7;0.577;0.1;0.2;0.286;2.6;4.4;0.592;0.584;0.8;1.3;0.585;2.5;2.5;5;0.5;0.3;0.5;0.9;1.9;6.2
495;Pascal Siakam;PF;27;TOR;56;56;37.6;8.4;17.3;0.486;1.1;3.1;0.358;7.3;14.2;0.514;0.519;4.1;5.4;0.744;2;6.4;8.4;5.1;1.3;0.6;2.7;3.4;22
496;Chris Silva;PF;25;TOT;10;0;9.1;0.8;1.5;0.533;0;0;0;0.8;1.5;0.533;0.533;1;1.2;0.833;1.3;2.3;3.6;0.7;0;0.1;0.8;2;2.6
496;Chris Silva;PF;25;MIN;1;0;3;0;0;0;0;0;0;0;0;0;0;0;0;0;0;1;1;0;0;0;0;0;0
496;Chris Silva;PF;25;MIA;9;0;9.8;0.9;1.7;0.533;0;0;0;0.9;1.7;0.533;0.533;1.1;1.3;0.833;1.4;2.4;3.9;0.8;0;0.1;0.9;2.2;2.9
497;Marko Simonovic;C;22;CHI;9;0;3.9;0.4;1.7;0.267;0.1;0.6;0.2;0.3;1.1;0.3;0.3;0.9;1.2;0.727;0.6;0.6;1.1;0;0.1;0.1;0.2;0.7;1.9
498;Anfernee Simons;SG;22;POR;57;30;29.5;6.2;14;0.443;3.1;7.8;0.405;3.1;6.2;0.49;0.555;1.8;2;0.888;0.5;2.2;2.6;3.9;0.5;0.1;2;1.9;17.3
499;Jericho Sims;PF;23;NYK;28;0;9.5;0.6;0.9;0.72;0;0;0;0.6;0.9;0.72;0.72;0.2;0.5;0.429;1.1;2;3.1;0.3;0.2;0.4;0.4;1.4;1.5
500;Deividas Sirvydis;SG;21;DET;3;0;9;0.3;3.3;0.1;0.3;2.3;0.143;0;1;0;0.15;0;0;0;0;2;2;0.3;1;0.3;0;1.3;1
501;Javonte Smart;PG;22;TOT;14;1;11.5;0.8;3.1;0.256;0.3;1.3;0.222;0.5;1.8;0.28;0.302;0.4;0.4;0.833;0.3;1.1;1.4;1;0.3;0.1;0.6;0.8;2.2
501;Javonte Smart;PG;22;MIL;13;1;12.3;0.8;3.3;0.256;0.3;1.4;0.222;0.5;1.9;0.28;0.302;0.4;0.5;0.833;0.3;1.2;1.5;1.1;0.3;0.2;0.7;0.8;2.4
501;Javonte Smart;PG;22;MIA;1;0;1;0;0;0;0;0;0;0;0;0;0;0;0;0;0;0;0;0;0;0;0;0;0
502;Marcus Smart;PG;27;BOS;60;60;32.8;4.2;10;0.422;1.6;4.8;0.333;2.6;5.2;0.503;0.502;2.2;2.7;0.802;0.6;3.3;3.9;5.7;1.7;0.3;2.1;2.3;12.2
503;Dennis Smith Jr.;PG;24;POR;37;4;17.2;2.1;5.1;0.418;0.2;0.7;0.222;2;4.4;0.451;0.434;1.1;1.7;0.656;0.5;1.8;2.4;3.6;1.2;0.3;1.4;1.4;5.6
504;Ish Smith;PG;33;TOT;51;1;16;2.5;5.9;0.427;0.4;0.9;0.422;2.2;5;0.428;0.459;0.3;0.5;0.625;0.4;1.6;2;3.3;0.6;0.3;1.1;1.2;5.7
504;Ish Smith;PG;33;CHO;37;1;13.8;2;5;0.395;0.3;0.7;0.4;1.7;4.3;0.394;0.422;0.3;0.5;0.632;0.3;1.2;1.5;2.6;0.5;0.3;1;0.9;4.5
504;Ish Smith;PG;33;WAS;14;0;21.9;4;8.4;0.479;0.6;1.4;0.45;3.4;6.9;0.485;0.517;0.2;0.4;0.6;0.7;2.4;3.1;5.1;0.9;0.5;1.4;2.1;8.9
505;Jalen Smith;PF;21;TOT;43;7;17.4;3;6.1;0.494;0.7;2.2;0.319;2.3;3.9;0.592;0.551;1.5;2;0.767;1.9;4;5.9;0.5;0.3;0.7;0.8;1.8;8.3
505;Jalen Smith;PF;21;PHO;29;4;13.2;2.2;4.7;0.46;0.3;1.3;0.231;1.9;3.4;0.551;0.493;1.4;1.8;0.769;1.9;2.9;4.8;0.2;0.2;0.6;0.8;1.8;6
505;Jalen Smith;PF;21;IND;14;3;26.1;4.8;9;0.532;1.5;3.9;0.382;3.3;5.1;0.648;0.615;1.9;2.4;0.765;1.9;6.2;8.1;1.1;0.4;1;1;1.9;12.9
506;Xavier Sneed;SF;24;TOT;3;0;3.3;0;0.7;0;0;0.7;0;0;0;0;0;0;0;0;0.3;0.3;0.7;0;0;0;0;0.7;0
506;Xavier Sneed;SF;24;MEM;2;0;4;0;1;0;0;1;0;0;0;0;0;0;0;0;0.5;0.5;1;0;0;0;0;1;0
506;Xavier Sneed;SF;24;UTA;1;0;2;0;0;0;0;0;0;0;0;0;0;0;0;0;0;0;0;0;0;0;0;0;0
507;Tony Snell;SG;30;TOT;49;12;15.8;1.2;3.1;0.392;0.9;2.4;0.353;0.4;0.7;0.529;0.529;0.1;0.1;1;0.3;1.7;2;0.5;0.3;0.2;0.4;1.3;3.4
507;Tony Snell;SG;30;POR;38;10;14.4;0.9;2.6;0.371;0.6;2;0.32;0.3;0.6;0.545;0.495;0.1;0.1;1;0.3;1.6;1.9;0.5;0.2;0.2;0.3;1.2;2.6
507;Tony Snell;SG;30;NOP;11;2;20.9;2.2;5.1;0.429;1.6;4;0.409;0.5;1.1;0.5;0.589;0;0;0;0.4;2.2;2.5;0.5;0.5;0.2;0.6;1.9;6
508;Jaden Springer;SG;19;PHI;2;0;3;0.5;0.5;1;0;0;0;0.5;0.5;1;1;0;0;0;0.5;0.5;1;0;0;1;0.5;0;1
509;Cassius Stanley;SG;22;DET;9;1;17.2;2.1;5.1;0.413;0.4;1.9;0.235;1.7;3.2;0.517;0.457;1.1;1.1;1;0.6;1.6;2.1;0.4;0.6;0.2;0.7;1.9;5.8
510;Nik Stauskas;SG;28;TOT;5;0;5.8;0.8;2;0.4;0.6;1.2;0.5;0.2;0.8;0.25;0.55;0.8;1.2;0.667;0.2;0.4;0.6;0.2;0;0;0;0.2;3
510;Nik Stauskas;SG;28;MIA;2;0;12;1.5;4;0.375;1;2;0.5;0.5;2;0.25;0.5;1.5;2;0.75;0.5;1;1.5;0.5;0;0;0;0.5;5.5
510;Nik Stauskas;SG;28;BOS;3;0;1.7;0.3;0.7;0.5;0.3;0.7;0.5;0;0;0;0.75;0.3;0.7;0.5;0;0;0;0;0;0;0;0;1.3
511;Lance Stephenson;SG-SF;31;TOT;34;1;17.9;3.2;7.1;0.449;0.5;2;0.246;2.7;5.1;0.529;0.484;1.2;1.6;0.75;0.3;2.5;2.9;3.4;0.5;0.1;1.5;2;8.1
511;Lance Stephenson;SF;31;ATL;6;0;11.7;0.8;2.2;0.385;0;0.5;0;0.8;1.7;0.5;0.385;0.2;0.3;0.5;0.2;2.3;2.5;1.8;0;0;0.7;1.3;1.8
511;Lance Stephenson;SG;31;IND;28;1;19.3;3.7;8.2;0.452;0.6;2.4;0.258;3.1;5.9;0.53;0.489;1.5;1.9;0.759;0.4;2.6;2.9;3.8;0.6;0.1;1.7;2.2;9.5
512;Lamar Stevens;PF;24;CLE;50;10;14.2;2;4.3;0.468;0.3;1;0.286;1.7;3.3;0.521;0.5;0.6;0.9;0.652;0.6;1.6;2.2;0.6;0.4;0.3;0.6;1.5;4.9
513;Isaiah Stewart;C;20;DET;58;58;25.7;3.5;6.9;0.509;0.1;0.4;0.16;3.4;6.5;0.532;0.514;1;1.5;0.686;3.2;5.2;8.4;1.1;0.3;1.2;1.3;3;8.1
514;Max Strus;SF;25;MIA;57;10;23.1;3.7;8.3;0.442;2.6;6.5;0.41;1;1.9;0.551;0.601;0.7;0.9;0.776;0.4;2.7;3.1;1.3;0.4;0.2;0.8;1.7;10.7
515;Jalen Suggs;PG;20;ORL;46;43;27.7;4.2;11.7;0.361;0.9;4.1;0.216;3.3;7.5;0.441;0.399;2.7;3.5;0.773;0.6;3.1;3.7;4.4;1.2;0.4;3;3;12.1
516;Craig Sword;SG;28;WAS;3;0;6.3;1;1.3;0.75;0;0.3;0;1;1;1;0.75;0;0;0;0;0;0;0.3;1.3;0;0.3;2.3;2
517;Keifer Sykes;PG;28;IND;26;10;17.5;2.1;5.8;0.355;0.8;2.8;0.292;1.3;3.1;0.413;0.424;0.5;0.6;0.875;0.3;1.3;1.6;2;0.3;0.2;1;1.5;5.5
518;Jae'Sean Tate;SF;26;HOU;65;64;26.9;4.8;9.5;0.508;0.8;2.7;0.301;4;6.9;0.588;0.55;1.8;2.6;0.707;1.7;3.8;5.5;3;0.9;0.6;1.9;3.7;12.3
519;Jayson Tatum;SF;23;BOS;66;66;36.4;9.2;21;0.439;2.9;8.6;0.337;6.3;12.4;0.51;0.508;5.4;6.3;0.854;1.2;7.1;8.3;4.2;1;0.7;2.8;2.4;26.7
520;Terry Taylor;SG;22;IND;21;3;18.3;3.8;6;0.635;0.2;0.7;0.357;3.6;5.3;0.67;0.655;0.8;1.2;0.654;2.8;2.8;5.6;1.2;0.1;0.2;0.5;1.6;8.7
521;Garrett Temple;SG;35;NOP;56;16;18.9;1.9;5;0.383;1;3.1;0.32;0.9;1.9;0.486;0.482;0.5;0.7;0.683;0.5;2;2.5;1.3;0.8;0.4;0.7;1.4;5.4
522;Emanuel Terry;PF;25;PHO;3;0;6;0;1.7;0;0;0;0;0;1.7;0;0;0;0;0;2.7;2.3;5;0.7;0.3;0;1.7;1.3;0
523;Tyrell Terry;PG;21;MEM;2;0;1.5;0.5;0.5;1;0;0;0;0.5;0.5;1;1;0;0;0;0;0;0;0;0;0;0;0.5;1
524;Jon Teske;C;24;MEM;3;0;2.7;0;0.3;0;0;0;0;0;0.3;0;0;0;0.7;0;0;0.7;0.7;0.3;0.3;0;0;0.3;0
525;Daniel Theis;C;29;TOT;35;21;19.7;2.7;5.6;0.482;0.7;2.4;0.294;2;3.2;0.625;0.546;1;1.5;0.648;1.1;3.7;4.7;0.8;0.4;0.7;1;2.3;7.1
525;Daniel Theis;C;29;HOU;26;21;22.5;3.2;6.9;0.469;0.9;3;0.291;2.3;3.8;0.61;0.534;1;1.5;0.675;1.2;3.8;5;0.8;0.4;0.7;1.2;2.4;8.4
525;Daniel Theis;C;29;BOS;9;0;11.9;1.2;2;0.611;0.2;0.7;0.333;1;1.3;0.75;0.667;0.9;1.6;0.571;0.6;3.3;3.9;0.9;0.2;0.9;0.6;1.9;3.6
526;Brodric Thomas;SG;25;BOS;9;0;4.9;0.6;1.4;0.385;0.1;0.8;0.143;0.4;0.7;0.667;0.423;0.2;0.4;0.5;0.2;0.4;0.7;0.7;0;0.1;0.4;0.7;1.4
527;Cam Thomas;SG;20;BRK;58;2;18.4;3.5;8.1;0.434;0.8;2.9;0.271;2.7;5.2;0.523;0.482;1.3;1.5;0.831;0.2;2.2;2.4;1.3;0.5;0.1;0.9;1;9.1
528;Isaiah Thomas;PG;32;TOT;10;1;18;3;8.4;0.357;1.5;4.6;0.326;1.5;3.8;0.395;0.446;1.1;1.4;0.786;0.3;1.3;1.6;2.1;0.3;0.3;0.7;1.5;8.6
528;Isaiah Thomas;PG;32;LAL;4;1;25.3;3;9.8;0.308;1.3;5.5;0.227;1.8;4.3;0.412;0.372;2;2.8;0.727;0.3;1.8;2;1.5;0;0.5;1.3;3;9.3
528;Isaiah Thomas;PG;32;DAL;1;0;13;3;8;0.375;0;3;0;3;5;0.6;0.375;0;0;0;0;0;0;4;0;0;0;0;6
528;Isaiah Thomas;PG;32;CHO;5;0;13.2;3;7.4;0.405;2;4.2;0.476;1;3.2;0.313;0.541;0.6;0.6;1;0.4;1.2;1.6;2.2;0.6;0.2;0.4;0.6;8.6
529;Matt Thomas;SG;27;CHI;38;0;11.9;1.4;3.4;0.4;0.9;2.3;0.375;0.5;1.1;0.452;0.527;0.4;0.5;0.8;0.1;1.2;1.3;0.5;0.2;0.1;0.2;0.5;4
530;Klay Thompson;SG;31;GSW;24;24;27.3;6.7;16.2;0.412;2.9;8.2;0.355;3.8;8;0.471;0.503;1.6;1.8;0.905;0.5;3.5;4;2.8;0.5;0.7;1.3;1.5;17.8
531;Tristan Thompson;PF;30;TOT;44;5;16;2.5;4.8;0.524;0;0;0.5;2.5;4.7;0.524;0.526;1.2;2.2;0.537;2.1;3;5.2;0.6;0.4;0.4;0.9;1.9;6.2
531;Tristan Thompson;PF;30;SAC;30;3;15.2;2.5;5;0.503;0;0;1;2.5;5;0.5;0.507;1.1;2;0.533;2.4;3;5.4;0.6;0.4;0.4;1;1.7;6.2
531;Tristan Thompson;PF;30;IND;4;0;16.5;3.3;6;0.542;0;0;0;3.3;6;0.542;0.542;0.8;2;0.375;1.8;2.8;4.5;0.5;0;0.5;1;1.8;7.3
531;Tristan Thompson;PF;30;CHI;10;2;18.1;2.1;3.5;0.6;0;0.1;0;2.1;3.4;0.618;0.6;1.6;2.7;0.593;1.4;3.4;4.8;0.5;0.8;0.2;0.7;2.5;5.8
532;JT Thor;PF;19;CHO;27;0;8.9;0.9;2;0.453;0.3;1;0.269;0.6;1;0.63;0.519;0.4;0.5;0.714;0.4;1;1.4;0.7;0.3;0.4;0.3;0.9;2.4
533;Matisse Thybulle;SG;24;PHI;53;38;25.9;2.3;4.7;0.482;0.7;2.3;0.29;1.6;2.4;0.669;0.554;0.4;0.6;0.742;0.6;1.8;2.4;1.1;1.7;1.1;0.7;2.4;5.7
534;Killian Tillie;C;23;MEM;36;3;12.8;1.2;3.5;0.339;0.8;2.4;0.314;0.4;1.1;0.39;0.445;0.1;0.2;0.625;0.6;1.1;1.7;0.6;0.6;0.4;0.4;1.6;3.3
535;Xavier Tillman Sr.;PF;23;MEM;43;0;12.3;1.7;3.7;0.46;0.2;0.9;0.237;1.5;2.9;0.528;0.488;0.7;1.1;0.646;1.1;1.7;2.7;0.9;1;0.3;0.7;1.2;4.4
536;Isaiah Todd;PF;20;WAS;10;0;4.1;0.5;1.7;0.294;0.4;1.1;0.364;0.1;0.6;0.167;0.412;0.2;0.6;0.333;0.2;0.8;1;0.3;0.2;0.2;0.1;0.1;1.6
537;Obi Toppin;PF;23;NYK;59;2;14.9;2.8;5.5;0.512;0.4;1.8;0.238;2.4;3.7;0.643;0.551;1.2;1.6;0.739;0.9;2.6;3.5;0.9;0.3;0.4;0.7;1.3;7.2
538;Juan Toscano-Anderson;SF;28;GSW;67;6;13.9;1.6;3.3;0.487;0.4;1.3;0.31;1.2;2.1;0.593;0.545;0.6;1;0.571;0.4;2.1;2.5;1.8;0.7;0.2;0.9;1.6;4.2
539;Karl-Anthony Towns;C;26;MIN;64;64;33.5;8.8;16.5;0.529;2;5;0.408;6.7;11.5;0.582;0.591;5.4;6.5;0.825;2.6;7.2;9.9;3.7;1;1.2;3.1;3.6;24.9
540;Gary Trent Jr.;SG;23;TOR;60;59;34.7;6.4;15.5;0.41;3;8;0.377;3.4;7.5;0.445;0.506;2.4;2.9;0.838;0.4;2.4;2.8;2;1.8;0.3;1;2.1;18.1
541;P.J. Tucker;PF;36;MIA;62;61;28.2;3.1;6.3;0.49;1.2;2.9;0.43;1.8;3.4;0.541;0.589;0.6;0.9;0.714;1.5;4;5.5;2.1;0.8;0.2;1;2.4;8
542;Rayjon Tucker;SG;24;DEN;3;0;9.7;0.3;0.7;0.5;0.3;0.7;0.5;0;0;0;0.75;1;1.3;0.75;0.3;1;1.3;1.3;0.3;0;0;1;2
543;Myles Turner;C;25;IND;42;42;29.4;4.8;9.4;0.509;1.5;4.4;0.333;3.3;5;0.662;0.587;1.9;2.5;0.752;1.5;5.5;7.1;1;0.7;2.8;1.3;2.8;12.9
544;Jonas Valan?i?nas;C;29;NOP;63;63;30.7;6.9;12.9;0.536;0.8;2.3;0.361;6.1;10.7;0.574;0.568;3.2;3.9;0.822;3.1;8.3;11.4;2.5;0.5;0.9;2.4;3.3;17.9
545;Denzel Valentine;SG;28;TOT;24;0;9.3;1;2.8;0.379;0.8;2;0.404;0.3;0.8;0.316;0.523;0;0;0;0.4;1.4;1.8;0.5;0.3;0;0.5;0.8;2.9
545;Denzel Valentine;SG;28;CLE;22;0;9.3;1;2.8;0.371;0.8;2;0.409;0.2;0.8;0.278;0.516;0;0;0;0.4;1.3;1.7;0.5;0.3;0;0.5;0.8;2.9
545;Denzel Valentine;SG;28;UTA;2;0;9;1;2;0.5;0.5;1.5;0.333;0.5;0.5;1;0.625;0;0;0;0;2;2;0;0.5;0;1;1.5;2.5
546;Jarred Vanderbilt;PF;22;MIN;63;56;25.8;2.9;4.9;0.586;0;0.2;0.167;2.8;4.7;0.603;0.589;1.1;1.7;0.648;3;5.7;8.7;1.4;1.4;0.7;1;2.5;6.9
547;Fred VanVleet;PG;27;TOR;56;56;38.1;7;17.1;0.411;3.9;10;0.39;3.1;7.1;0.441;0.525;3.1;3.6;0.87;0.7;3.9;4.6;6.7;1.6;0.5;2.7;2.4;21.1
548;Devin Vassell;SF;21;SAS;61;22;26.7;4.5;10.5;0.429;1.8;5.1;0.344;2.7;5.4;0.511;0.513;0.9;1.1;0.814;0.6;3.7;4.3;1.8;1;0.7;0.8;2;11.7
549;Gabe Vincent;PG;25;MIA;61;25;23.8;3.3;7.8;0.42;1.8;4.9;0.368;1.5;2.9;0.508;0.536;0.7;0.9;0.808;0.4;1.6;1.9;3.2;1;0.2;1.5;2.3;9
550;Nikola Vu?evi?;C;31;CHI;61;61;33.6;7.6;16.1;0.474;1.4;4.7;0.304;6.2;11.4;0.545;0.519;1.2;1.6;0.76;1.9;9.5;11.5;3.4;1;1.1;1.9;2.5;18
551;Dean Wade;PF;25;CLE;51;28;19.2;1.9;4.3;0.456;1;2.8;0.359;0.9;1.5;0.64;0.574;0.4;0.6;0.667;0.6;2.3;2.9;1;0.6;0.1;0.3;1.7;5.3
552;Franz Wagner;SF;20;ORL;70;70;31.6;5.8;12.5;0.463;1.3;3.6;0.361;4.5;9;0.504;0.515;2.4;2.8;0.851;1.1;3.6;4.6;2.9;0.9;0.4;1.6;2.1;15.3
553;Moritz Wagner;C;24;ORL;51;0;13.3;2.9;5.8;0.5;1;2.9;0.336;1.9;2.9;0.662;0.583;1.6;2;0.804;0.6;2.5;3;1.2;0.3;0.2;0.8;1.8;8.3
554;Ish Wainright;PF;27;PHO;38;0;7.3;0.7;1.9;0.347;0.3;1.1;0.268;0.4;0.8;0.452;0.424;0.1;0.3;0.5;0.5;0.6;1.1;0.3;0.3;0.2;0.3;1.1;1.7
555;Kemba Walker;PG;31;NYK;37;37;25.6;4;10;0.403;2;5.4;0.367;2.1;4.6;0.444;0.501;1.6;1.9;0.845;0.4;2.6;3;3.5;0.7;0.2;1.3;1;11.6
556;Lonnie Walker IV;SG;23;SAS;64;6;23.4;4.6;11.2;0.408;1.6;5.1;0.318;3;6.1;0.483;0.48;1.7;2.1;0.779;0.3;2.3;2.6;2.2;0.6;0.3;1;1.5;12.4
557;M.J. Walker;SG;23;PHO;2;0;4;0;2;0;0;1;0;0;1;0;0;0;0;0;0;0.5;0.5;0.5;1;0;0;0.5;0
558;Tyrone Wallace;SG;27;NOP;2;0;18;2;4.5;0.444;0.5;1;0.5;1.5;3.5;0.429;0.5;0.5;2.5;0.2;0;2;2;0;0;0.5;0;2;5
559;Derrick Walton;PG;26;DET;3;3;36;2;8.7;0.231;1;4.3;0.231;1;4.3;0.231;0.288;1.3;1.3;1;0.7;2.7;3.3;7;2.3;1.3;3.7;2.7;6.3
560;Brad Wanamaker;PG;32;TOT;23;2;13.9;1.2;3.3;0.364;0.2;0.7;0.235;1;2.6;0.4;0.39;1;1.1;0.92;0.3;1.4;1.7;2.4;0.3;0.3;1;2;3.6
560;Brad Wanamaker;PG;32;IND;22;1;13.3;1.2;3.3;0.361;0.2;0.8;0.235;1;2.5;0.4;0.389;0.9;1;0.909;0.3;1.3;1.6;2.2;0.2;0.3;1;1.9;3.5
560;Brad Wanamaker;PG;32;WAS;1;1;27;2;5;0.4;0;0;0;2;5;0.4;0.4;3;3;1;0;4;4;7;2;0;0;3;7
561;Duane Washington Jr.;PG;21;IND;38;7;19.9;3.5;8.7;0.401;1.7;4.4;0.375;1.8;4.3;0.427;0.495;0.8;1.1;0.762;0.1;1.7;1.7;1.8;0.5;0.1;1.2;1.3;9.5
562;P.J. Washington;PF;23;CHO;53;16;26.5;3.7;8.1;0.453;1.8;4.8;0.366;1.9;3.2;0.585;0.563;1;1.4;0.708;1.3;4.1;5.4;2.1;0.9;0.9;1.3;2.3;10.1
563;Yuta Watanabe;SF;27;TOR;32;4;12.6;1.6;3.8;0.421;0.8;2.1;0.382;0.8;1.7;0.472;0.529;0.6;1.1;0.571;0.6;2;2.5;0.6;0.3;0.5;0.6;1.1;4.6
564;Lindy Waters III;SG;24;OKC;14;1;16.6;2.1;5.4;0.382;1.4;4.6;0.292;0.7;0.8;0.909;0.507;0;0;0;0;2.4;2.4;0.7;0.6;0.4;0.2;1.1;5.5
565;Tremont Waters;PG;24;TOT;3;0;16.7;1.3;4.7;0.286;0.7;3;0.222;0.7;1.7;0.4;0.357;0;0;0;0;1.3;1.3;2.3;1.7;0;1.3;1.3;3.3
565;Tremont Waters;PG;24;TOR;2;0;21;1.5;6;0.25;1;4.5;0.222;0.5;1.5;0.333;0.333;0;0;0;0;2;2;3.5;2;0;2;1;4
565;Tremont Waters;PG;24;WAS;1;0;8;1;2;0.5;0;0;0;1;2;0.5;0.5;0;0;0;0;0;0;0;1;0;0;2;2
566;Trendon Watford;SF;21;POR;42;4;16.4;2.6;4.8;0.532;0.2;0.7;0.241;2.4;4.1;0.58;0.549;1.4;1.8;0.787;1;2.9;4;1.4;0.4;0.5;0.7;2.2;6.7
567;Paul Watson;SF;27;OKC;9;3;17.3;1.3;3.9;0.343;0.7;2.9;0.231;0.7;1;0.667;0.429;0.1;0.2;0.5;0.3;2.7;3;0.9;0.3;0.3;0.4;1.1;3.4
568;Quinndary Weatherspoon;SG;25;GSW;9;0;7.6;1.3;2.2;0.6;0.1;0.4;0.25;1.2;1.8;0.688;0.625;0.6;0.6;1;0.2;1.3;1.6;0.4;0.1;0.1;0.3;1.7;3.3
569;Russell Westbrook;PG;33;LAL;68;68;34.3;6.8;15.7;0.432;0.9;3.3;0.277;5.9;12.4;0.474;0.462;3.5;5.2;0.67;1.4;6;7.4;7;1;0.3;3.8;3;17.9
570;Coby White;PG;21;CHI;49;16;28.1;4.8;10.8;0.447;2.3;5.9;0.399;2.5;4.9;0.504;0.556;1.4;1.7;0.852;0.3;2.8;3.1;3;0.4;0.2;1.1;2.2;13.4
571;Derrick White;SG;27;TOT;63;49;29.2;4.6;11.1;0.418;1.5;5.1;0.297;3.1;6;0.52;0.486;2.6;3.1;0.86;0.5;3;3.5;5;1;0.9;1.6;2.3;13.4
571;Derrick White;SG;27;SAS;49;48;30.3;5;11.6;0.426;1.7;5.3;0.314;3.3;6.4;0.519;0.497;2.8;3.3;0.869;0.5;3;3.5;5.6;1;0.9;1.8;2.4;14.4
571;Derrick White;SG;27;BOS;14;1;25.4;3.5;9.2;0.38;1;4.4;0.226;2.5;4.8;0.522;0.434;1.9;2.4;0.818;0.6;2.8;3.4;3;0.9;0.9;1;2.1;9.9
572;Hassan Whiteside;C;32;UTA;57;8;18.2;3.4;5.2;0.649;0;0;0;3.4;5.2;0.649;0.649;1.6;2.5;0.622;2.5;5.3;7.8;0.4;0.4;1.5;0.9;2.9;8.3
573;Joe Wieskamp;SG;22;SAS;20;0;5.4;0.7;1.6;0.406;0.4;1.1;0.364;0.3;0.5;0.5;0.531;0.2;0.4;0.429;0.2;0.3;0.4;0.3;0.2;0.1;0.1;0.4;1.9
574;Aaron Wiggins;SG;23;OKC;41;27;23.3;2.8;6.1;0.464;0.9;2.7;0.321;2;3.4;0.574;0.534;1;1.3;0.709;1;2.6;3.6;1.1;0.7;0.2;0.9;2;7.5
575;Andrew Wiggins;SF;26;GSW;62;62;31.8;6.6;14;0.47;2.2;5.5;0.401;4.4;8.5;0.515;0.549;1.9;3;0.63;1.1;3.3;4.4;2.3;1.1;0.8;1.5;2.1;17.3
576;Lindell Wigginton;PG;23;MIL;15;0;8.1;1;2.1;0.469;0.5;1;0.467;0.5;1.1;0.471;0.578;0.7;1.2;0.556;0.1;1;1.1;0.5;0.2;0.1;0.5;0.6;3.1
577;Brandon Williams;PG;22;POR;11;5;23.7;4.5;10.8;0.42;1.2;3.7;0.317;3.4;7.1;0.474;0.475;3.1;4.8;0.642;0.5;2.5;3;2.4;0.6;0.5;2.3;2;13.4
578;Grant Williams;PF;23;BOS;65;16;23.7;2.6;5.3;0.484;1.4;3.4;0.425;1.1;1.9;0.589;0.62;0.9;1;0.924;0.8;2.6;3.4;1;0.5;0.7;0.8;2.3;7.5
579;Kenrich Williams;SF;27;OKC;49;0;21.9;3;6.5;0.461;0.8;2.5;0.339;2.1;4;0.536;0.525;0.6;1.1;0.545;1.5;3;4.5;2.2;0.9;0.2;0.9;1.7;7.4
580;Lou Williams;PG;35;ATL;49;0;14.4;2.3;5.8;0.402;0.7;1.9;0.347;1.7;3.9;0.429;0.46;1.1;1.3;0.875;0.3;1.2;1.5;1.9;0.5;0.1;0.7;0.9;6.5
581;Patrick Williams;PF;20;CHI;5;5;25;2.6;4.6;0.565;0.6;1.2;0.5;2;3.4;0.588;0.63;0.8;0.8;1;0.2;2;2.2;0.6;0.6;0.4;0.4;1.8;6.6
582;Robert Williams;C;24;BOS;57;57;30;4.4;6.1;0.729;0;0;0;4.4;6.1;0.731;0.729;1.1;1.6;0.719;4;5.8;9.7;2;0.9;2.2;1.1;2.2;10
583;Ziaire Williams;SF;20;MEM;50;27;21.6;3;6.6;0.456;1.2;3.8;0.317;1.8;2.8;0.641;0.547;0.5;0.6;0.781;0.4;1.6;2;0.9;0.5;0.2;0.6;1.9;7.7
584;D.J. Wilson;PF;25;TOR;4;1;13.5;2.8;3.8;0.733;0;0.5;0;2.8;3.3;0.846;0.733;2;2.5;0.8;0.3;3.8;4;1.3;1.3;0.3;0.5;1.5;7.5
585;Dylan Windler;SF;25;CLE;40;0;9.3;0.8;2;0.407;0.5;1.5;0.362;0.3;0.6;0.522;0.537;0.2;0.2;0.778;0.5;1.3;1.8;0.7;0.3;0.1;0.4;1;2.4
586;Justise Winslow;SF;25;TOT;45;8;15.7;2.2;5;0.444;0.3;1.3;0.237;1.9;3.7;0.518;0.476;0.8;1.3;0.614;1;3.2;4.1;1.7;0.7;0.5;1;1.4;5.5
586;Justise Winslow;SF;25;LAC;37;1;12.9;1.7;3.8;0.447;0.1;0.8;0.172;1.6;3;0.518;0.465;0.7;1.1;0.61;0.8;2.8;3.6;1.4;0.6;0.5;1;1.2;4.2
586;Justise Winslow;SF;25;POR;8;7;28.6;4.6;10.5;0.44;1.1;3.8;0.3;3.5;6.8;0.519;0.494;1.3;2;0.625;1.6;5;6.6;3;1.3;0.6;1;2.3;11.6
587;Cassius Winston;PG;23;WAS;5;0;5.4;0.6;1.2;0.5;0.4;1;0.4;0.2;0.2;1;0.667;0.4;0.4;1;0;0;0;1;0;0;0.2;1.4;2
588;Christian Wood;C;26;HOU;62;61;31;6.4;13.1;0.491;1.8;4.9;0.376;4.6;8.2;0.559;0.561;3;5;0.612;1.8;8.4;10.1;2.2;0.8;1;1.8;2.5;17.7
589;Robert Woodard II;SF;22;SAC;12;0;3.5;0.2;1.3;0.125;0.1;0.3;0.25;0.1;1;0.083;0.156;0.2;0.2;1;0.4;0.5;0.9;0.3;0.1;0.1;0.1;0.3;0.6
590;Delon Wright;SG;29;ATL;64;6;18;1.5;3.4;0.438;0.5;1.4;0.348;1;2;0.5;0.509;0.7;0.8;0.849;0.6;2.2;2.8;2.3;1;0.2;0.6;0.7;4.2
591;McKinley Wright IV;PG;23;MIN;3;0;3;0.7;1;0.667;0.3;0.7;0.5;0.3;0.3;1;0.833;0;0;0;0;0;0;0.3;0;0;0.3;0.3;1.7
592;Moses Wright;PF;23;LAC;1;0;1;0;0;0;0;0;0;0;0;0;0;0;0;0;0;0;0;1;0;0;0;0;0
593;Thaddeus Young;PF;33;TOT;39;1;15.5;2.7;5.2;0.53;0.2;0.6;0.364;2.5;4.6;0.55;0.55;0.4;0.9;0.405;1.6;2.3;3.9;2;0.9;0.3;1.1;1.6;6.1
593;Thaddeus Young;PF;33;SAS;26;1;14.2;2.8;4.9;0.578;0;0.2;0;2.8;4.7;0.602;0.578;0.4;0.8;0.455;1.5;2;3.6;2.3;0.9;0.3;1.2;1.5;6.1
593;Thaddeus Young;PF;33;TOR;13;0;17.9;2.5;5.7;0.446;0.6;1.3;0.471;1.9;4.4;0.439;0.5;0.4;1.2;0.333;1.6;2.8;4.5;1.5;1;0.3;1;1.8;6.1
594;Trae Young;PG;23;ATL;64;64;34.9;9.3;20.4;0.456;3;7.8;0.38;6.4;12.6;0.504;0.529;6.5;7.2;0.9;0.6;3.2;3.8;9.5;1;0.1;4;1.6;28
595;Omer Yurtseven;C;23;MIA;49;11;12.8;2.5;4.5;0.545;0;0.1;0.143;2.4;4.4;0.558;0.547;0.7;1.2;0.632;1.5;3.9;5.4;0.9;0.3;0.4;0.8;1.6;5.7
596;Cody Zeller;C;29;POR;27;0;13.1;1.9;3.3;0.567;0;0.1;0;1.9;3.2;0.593;0.567;1.4;1.8;0.776;1.9;2.8;4.6;0.8;0.3;0.2;0.7;2.1;5.2
597;Ivica Zubac;C;24;LAC;66;66;24.6;4;6.3;0.63;0;0;0;4;6.3;0.63;0.63;2.3;3.1;0.73;2.8;5.7;8.5;1.5;0.5;1;1.6;2.6;10.3
